DeployID,Ptt,Instr,Date,Type,Quality,Latitude,Longitude,Error radius,Error Semi-major axis,Error Semi-minor axis,Error Ellipse orientation,Offset,Offset orientation,GPE MSD,GPE U,Count,Comment
196385,196385,MiniPAT,02:34:28 03-Feb-2020,Argos,1,21.8766,38.0536,522,920,295,82,,,,,,
196385,196385,MiniPAT,02:52:06 03-Feb-2020,Argos,3,21.8740,38.0528,202,727,56,72,,,,,,
196385,196385,MiniPAT,04:15:11 03-Feb-2020,Argos,A,21.8738,38.0519,2007,10029,401,135,,,,,,
196385,196385,MiniPAT,04:21:46 03-Feb-2020,Argos,A,21.8715,38.0443,1196,3615,395,30,,,,,,
196385,196385,MiniPAT,04:31:23 03-Feb-2020,Argos,A,21.8748,38.0472,3363,13959,810,129,,,,,,
196385,196385,MiniPAT,05:45:53 03-Feb-2020,Argos,1,21.8763,38.0418,586,666,515,57,,,,,,
196385,196385,MiniPAT,06:01:21 03-Feb-2020,Argos,3,21.8801,38.0336,230,441,120,173,,,,,,
196385,196385,MiniPAT,06:05:50 03-Feb-2020,Argos,1,21.8779,38.0382,518,1009,266,72,,,,,,
196385,196385,MiniPAT,06:14:46 03-Feb-2020,Argos,3,21.8777,38.0408,234,560,98,58,,,,,,
196385,196385,MiniPAT,07:02:10 03-Feb-2020,Argos,A,21.8774,38.0128,985,16072,60,85,,,,,,
196385,196385,MiniPAT,07:26:07 03-Feb-2020,Argos,2,21.8758,38.0268,308,484,196,131,,,,,,
196385,196385,MiniPAT,07:45:33 03-Feb-2020,Argos,2,21.8744,38.0271,407,459,360,140,,,,,,
196385,196385,MiniPAT,07:53:31 03-Feb-2020,Argos,2,21.8785,38.0285,308,461,205,106,,,,,,
196385,196385,MiniPAT,13:46:40 03-Feb-2020,Argos,2,21.8712,37.9901,493,810,299,31,,,,,,
196385,196385,MiniPAT,15:18:06 03-Feb-2020,Argos,1,21.8687,37.9827,536,1224,234,93,,,,,,
196385,196385,MiniPAT,15:27:34 03-Feb-2020,Argos,2,21.8679,37.9834,316,483,206,98,,,,,,
196385,196385,MiniPAT,15:28:34 03-Feb-2020,Argos,0,21.8694,37.9881,2019,11001,370,56,,,,,,
196385,196385,MiniPAT,16:55:15 03-Feb-2020,Argos,1,21.8556,37.9767,681,947,488,22,,,,,,
196385,196385,MiniPAT,16:55:15 03-Feb-2020,Argos,2,21.8570,37.9756,371,640,215,14,,,,,,
196385,196385,MiniPAT,17:09:13 03-Feb-2020,Argos,2,21.8553,37.9748,265,380,183,111,,,,,,
196385,196385,MiniPAT,17:18:11 03-Feb-2020,Argos,2,21.8583,37.9740,339,521,220,24,,,,,,
196385,196385,MiniPAT,17:23:40 03-Feb-2020,Argos,1,21.8501,37.9733,1049,2768,397,21,,,,,,
196385,196385,MiniPAT,18:09:02 03-Feb-2020,Argos,2,21.8498,37.9670,400,996,160,59,,,,,,
196385,196385,MiniPAT,18:38:00 03-Feb-2020,Argos,3,21.8493,37.9637,166,354,78,61,,,,,,
196385,196385,MiniPAT,19:00:51 03-Feb-2020,Argos,3,21.8488,37.9589,192,250,146,42,,,,,,
196385,196385,MiniPAT,19:06:18 03-Feb-2020,Argos,3,21.8491,37.9612,210,488,89,71,,,,,,
196385,196385,MiniPAT,02:21:12 04-Feb-2020,Argos,2,21.8151,37.8985,257,368,178,49,,,,,,
196385,196385,MiniPAT,02:21:41 04-Feb-2020,Argos,3,21.8128,37.9022,222,232,211,73,,,,,,
196385,196385,MiniPAT,03:55:47 04-Feb-2020,Argos,2,21.8016,37.8838,332,512,215,14,,,,,,
196385,196385,MiniPAT,04:01:46 04-Feb-2020,Argos,3,21.8016,37.8882,231,380,140,124,,,,,,
196385,196385,MiniPAT,04:02:16 04-Feb-2020,Argos,2,21.8023,37.8846,316,364,274,10,,,,,,
196385,196385,MiniPAT,05:24:55 04-Feb-2020,Argos,2,21.7934,37.8694,265,401,175,47,,,,,,
196385,196385,MiniPAT,05:37:56 04-Feb-2020,Argos,2,21.7872,37.8727,324,598,175,130,,,,,,
196385,196385,MiniPAT,05:52:56 04-Feb-2020,Argos,2,21.7942,37.8681,315,431,230,24,,,,,,
196385,196385,MiniPAT,05:54:26 04-Feb-2020,Argos,B,21.7875,37.8748,1891,24054,148,115,,,,,,
196385,196385,MiniPAT,06:43:22 04-Feb-2020,Argos,B,21.7814,37.8623,3773,53167,267,149,,,,,,
196385,196385,MiniPAT,07:03:20 04-Feb-2020,Argos,2,21.7789,37.8568,266,456,154,91,,,,,,
196385,196385,MiniPAT,07:32:17 04-Feb-2020,Argos,2,21.7792,37.8539,261,567,120,91,,,,,,
196385,196385,MiniPAT,07:35:46 04-Feb-2020,Argos,1,21.7779,37.8533,701,2881,170,113,,,,,,
196385,196385,MiniPAT,13:35:33 04-Feb-2020,Argos,1,21.7281,37.8012,925,2311,370,19,,,,,,
196385,196385,MiniPAT,15:16:42 04-Feb-2020,Argos,2,21.7065,37.7866,279,505,153,82,,,,,,
196385,196385,MiniPAT,16:34:29 04-Feb-2020,Argos,B,21.6938,37.7842,916,3229,260,77,,,,,,
196385,196385,MiniPAT,16:44:28 04-Feb-2020,Argos,3,21.6926,37.7744,237,493,113,78,,,,,,
196385,196385,MiniPAT,17:49:26 04-Feb-2020,Argos,3,21.6823,37.7628,185,322,105,33,,,,,,
196385,196385,MiniPAT,18:14:45 04-Feb-2020,Argos,2,21.6774,37.7670,405,1986,82,89,,,,,,
196385,196385,MiniPAT,18:42:28 04-Feb-2020,Argos,0,21.6757,37.7574,2158,44838,103,77,,,,,,
196385,196385,MiniPAT,18:47:55 04-Feb-2020,Argos,2,21.6738,37.7490,275,534,141,79,,,,,,
196385,196385,MiniPAT,19:27:18 04-Feb-2020,Argos,B,21.6570,37.7240,1734,12342,243,48,,,,,,
196385,196385,MiniPAT,20:23:34 04-Feb-2020,Argos,0,11.2378,-9.3100,1712,9022,324,171,,,,,,Speed to avg loc 84 x median
196385,196385,MiniPAT,02:09:14 05-Feb-2020,Argos,2,21.6464,37.6534,434,578,325,30,,,,,,
196385,196385,MiniPAT,03:49:55 05-Feb-2020,Argos,3,21.6443,37.6329,167,303,91,114,,,,,,
196385,196385,MiniPAT,03:49:55 05-Feb-2020,Argos,3,21.6443,37.6329,167,303,91,114,,,,,,
196385,196385,MiniPAT,05:05:59 05-Feb-2020,Argos,1,21.6391,37.6159,1128,6522,195,66,,,,,,
196385,196385,MiniPAT,05:11:58 05-Feb-2020,Argos,2,21.6423,37.6181,290,678,124,107,,,,,,
196385,196385,MiniPAT,05:42:49 05-Feb-2020,Argos,1,21.6452,37.6083,1311,6213,276,74,,,,,,
196385,196385,MiniPAT,06:42:58 05-Feb-2020,Argos,2,21.6407,37.6020,310,1032,93,98,,,,,,
196385,196385,MiniPAT,07:12:49 05-Feb-2020,Argos,1,21.6393,37.5936,1063,13729,82,102,,,,,,
196385,196385,MiniPAT,07:21:17 05-Feb-2020,Argos,3,21.6385,37.5948,181,197,165,1,,,,,,
196385,196385,MiniPAT,08:01:10 05-Feb-2020,Argos,A,21.6401,37.5718,1818,27843,118,109,,,,,,
196385,196385,MiniPAT,08:50:59 05-Feb-2020,Argos,1,21.6348,37.5779,677,1390,329,27,,,,,,
196385,196385,MiniPAT,13:22:26 05-Feb-2020,Argos,0,21.6186,37.5467,3984,29346,540,47,,,,,,
196385,196385,MiniPAT,15:04:34 05-Feb-2020,Argos,2,21.6189,37.5412,273,729,102,81,,,,,,
196385,196385,MiniPAT,16:18:41 05-Feb-2020,Argos,1,21.6091,37.5217,584,4276,79,76,,,,,,
196385,196385,MiniPAT,16:55:56 05-Feb-2020,Argos,A,21.6076,37.5218,883,2135,365,0,,,,,,
196385,196385,MiniPAT,17:53:33 05-Feb-2020,Argos,3,21.6019,37.5088,238,1036,54,70,,,,,,
196385,196385,MiniPAT,17:59:03 05-Feb-2020,Argos,B,21.6003,37.5009,2019,27582,147,76,,,,,,
196385,196385,MiniPAT,18:34:21 05-Feb-2020,Argos,2,21.5982,37.5039,444,1138,173,100,,,,,,
196385,196385,MiniPAT,19:08:37 05-Feb-2020,Argos,3,21.5971,37.4945,151,298,76,92,,,,,,
196385,196385,MiniPAT,19:34:26 05-Feb-2020,Argos,1,21.5935,37.4825,648,1431,292,153,,,,,,
196385,196385,MiniPAT,01:57:52 06-Feb-2020,Argos,2,21.6001,37.3866,253,369,172,14,,,,,,
196385,196385,MiniPAT,03:38:30 06-Feb-2020,Argos,3,21.5935,37.3623,186,468,73,105,,,,,,
196385,196385,MiniPAT,04:47:07 06-Feb-2020,Argos,2,21.5888,37.3457,385,1665,88,101,,,,,,
196385,196385,MiniPAT,05:28:53 06-Feb-2020,Argos,1,21.5925,37.3345,635,1208,333,15,,,,,,
196385,196385,MiniPAT,06:23:58 06-Feb-2020,Argos,3,21.5797,37.3212,195,510,74,98,,,,,,
196385,196385,MiniPAT,06:23:58 06-Feb-2020,Argos,1,21.5725,37.3188,1478,5393,404,45,,,,,,
196385,196385,MiniPAT,06:52:17 06-Feb-2020,Argos,3,21.5772,37.3175,147,318,67,96,,,,,,
196385,196385,MiniPAT,07:10:39 06-Feb-2020,Argos,3,21.5744,37.3179,189,404,88,113,,,,,,
196385,196385,MiniPAT,07:40:26 06-Feb-2020,Argos,2,21.5706,37.3135,479,2182,105,108,,,,,,
196385,196385,MiniPAT,08:02:16 06-Feb-2020,Argos,2,21.5607,37.3084,443,789,248,27,,,,,,
196385,196385,MiniPAT,08:30:35 06-Feb-2020,Argos,2,21.5613,37.3027,345,372,318,37,,,,,,
196385,196385,MiniPAT,14:51:36 06-Feb-2020,Argos,1,21.4978,37.3040,572,5042,64,78,,,,,,
196385,196385,MiniPAT,15:23:25 06-Feb-2020,Argos,3,21.4908,37.3026,213,500,90,97,,,,,,
196385,196385,MiniPAT,15:52:52 06-Feb-2020,Argos,1,21.4830,37.3089,519,1491,180,60,,,,,,
196385,196385,MiniPAT,16:34:13 06-Feb-2020,Argos,0,21.4739,37.2967,5276,27499,1012,166,,,,,,
196385,196385,MiniPAT,17:01:35 06-Feb-2020,Argos,2,21.4748,37.3160,288,511,162,18,,,,,,
196385,196385,MiniPAT,17:34:02 06-Feb-2020,Argos,3,21.4682,37.3205,131,224,76,77,,,,,,
196385,196385,MiniPAT,17:34:32 06-Feb-2020,Argos,2,21.4662,37.3171,326,420,252,164,,,,,,
196385,196385,MiniPAT,18:01:57 06-Feb-2020,Argos,3,21.4645,37.3228,172,188,156,33,,,,,,
196385,196385,MiniPAT,18:24:48 06-Feb-2020,Argos,1,21.4581,37.3120,634,5269,76,78,,,,,,
196385,196385,MiniPAT,18:49:09 06-Feb-2020,Argos,1,21.4568,37.3264,1442,19734,105,74,,,,,,
196385,196385,MiniPAT,19:14:01 06-Feb-2020,Argos,2,21.4518,37.3255,269,365,198,156,,,,,,
196385,196385,MiniPAT,19:42:51 06-Feb-2020,Argos,3,21.4493,37.3302,224,355,141,14,,,,,,
196385,196385,MiniPAT,01:46:18 07-Feb-2020,Argos,2,21.4160,37.3439,426,1025,176,28,,,,,,
196385,196385,MiniPAT,02:28:06 07-Feb-2020,Argos,3,21.4130,37.3441,162,212,122,41,,,,,,
196385,196385,MiniPAT,03:26:47 07-Feb-2020,Argos,2,21.4098,37.3453,323,1853,56,98,,,,,,
196385,196385,MiniPAT,04:08:05 07-Feb-2020,Argos,3,21.4087,37.3457,216,229,202,79,,,,,,
196385,196385,MiniPAT,04:22:30 07-Feb-2020,Argos,3,21.4064,37.3497,143,331,61,97,,,,,,
196385,196385,MiniPAT,06:00:36 07-Feb-2020,Argos,2,21.4022,37.3570,383,609,241,10,,,,,,
196385,196385,MiniPAT,06:04:06 07-Feb-2020,Argos,3,21.4015,37.3506,190,486,74,80,,,,,,
196385,196385,MiniPAT,06:31:02 07-Feb-2020,Argos,3,21.3960,37.3586,229,290,179,75,,,,,,
196385,196385,MiniPAT,06:59:24 07-Feb-2020,Argos,1,21.3950,37.3687,657,5608,77,101,,,,,,
196385,196385,MiniPAT,07:18:18 07-Feb-2020,Argos,0,21.3990,37.3495,1701,20927,138,104,,,,,,
196385,196385,MiniPAT,07:42:40 07-Feb-2020,Argos,2,21.3925,37.3661,315,484,204,170,,,,,,
196385,196385,MiniPAT,08:10:35 07-Feb-2020,Argos,3,21.3905,37.3732,197,240,161,158,,,,,,
196385,196385,MiniPAT,14:40:30 07-Feb-2020,Argos,1,21.3293,37.3897,742,4133,133,73,,,,,,
196385,196385,MiniPAT,14:52:57 07-Feb-2020,Argos,2,21.3282,37.3874,335,623,180,63,,,,,,
196385,196385,MiniPAT,16:22:59 07-Feb-2020,Argos,1,21.3102,37.3871,837,3008,232,179,,,,,,
196385,196385,MiniPAT,16:30:55 07-Feb-2020,Argos,2,21.3148,37.3892,376,455,309,171,,,,,,
196385,196385,MiniPAT,17:08:43 07-Feb-2020,Argos,3,21.3082,37.3856,157,184,134,106,,,,,,
196385,196385,MiniPAT,17:12:42 07-Feb-2020,Argos,3,21.3080,37.3872,149,182,121,59,,,,,,
196385,196385,MiniPAT,18:12:27 07-Feb-2020,Argos,1,21.3016,37.3996,500,2345,106,77,,,,,,
196385,196385,MiniPAT,18:26:53 07-Feb-2020,Argos,2,21.2971,37.3867,491,1525,158,73,,,,,,
196385,196385,MiniPAT,18:53:12 07-Feb-2020,Argos,3,21.2911,37.3861,229,294,177,103,,,,,,
196385,196385,MiniPAT,19:21:02 07-Feb-2020,Argos,3,21.2862,37.3873,206,300,141,66,,,,,,
196385,196385,MiniPAT,19:54:19 07-Feb-2020,Argos,1,21.2780,37.3887,544,1594,185,4,,,,,,
196385,196385,MiniPAT,01:34:25 08-Feb-2020,Argos,B,21.2346,37.4206,1044,15277,71,100,,,,,,
196385,196385,MiniPAT,01:57:17 08-Feb-2020,Argos,1,21.2268,37.4287,737,2006,270,11,,,,,,
196385,196385,MiniPAT,03:14:51 08-Feb-2020,Argos,1,21.2264,37.4352,720,7483,69,100,,,,,,
196385,196385,MiniPAT,03:37:14 08-Feb-2020,Argos,3,21.2236,37.4386,178,331,95,82,,,,,,
196385,196385,MiniPAT,03:56:11 08-Feb-2020,Argos,3,21.2213,37.4419,245,265,225,32,,,,,,
196385,196385,MiniPAT,04:53:25 08-Feb-2020,Argos,1,21.2181,37.4569,1460,5473,389,53,,,,,,
196385,196385,MiniPAT,05:36:12 08-Feb-2020,Argos,3,21.2069,37.4590,171,265,110,127,,,,,,
196385,196385,MiniPAT,05:42:39 08-Feb-2020,Argos,3,21.2062,37.4549,151,229,99,54,,,,,,
196385,196385,MiniPAT,06:47:21 08-Feb-2020,Argos,1,21.1969,37.4690,933,4754,183,106,,,,,,
196385,196385,MiniPAT,06:57:19 08-Feb-2020,Argos,1,21.1936,37.4686,724,1239,422,57,,,,,,
196385,196385,MiniPAT,07:20:15 08-Feb-2020,Argos,3,21.1864,37.4786,207,315,135,70,,,,,,
196385,196385,MiniPAT,07:50:12 08-Feb-2020,Argos,3,21.1807,37.4802,245,389,154,116,,,,,,
196385,196385,MiniPAT,08:23:01 08-Feb-2020,Argos,B,21.1621,37.4992,1725,12612,235,133,,,,,,
196385,196385,MiniPAT,14:22:17 08-Feb-2020,Argos,A,21.0860,37.5219,229,815,64,104,,,,,,
196385,196385,MiniPAT,14:30:14 08-Feb-2020,Argos,1,21.0892,37.5242,614,1929,195,73,,,,,,
196385,196385,MiniPAT,16:01:29 08-Feb-2020,Argos,3,21.0680,37.5298,241,508,114,108,,,,,,
196385,196385,MiniPAT,16:09:56 08-Feb-2020,Argos,1,21.0629,37.5261,727,1716,307,145,,,,,,
196385,196385,MiniPAT,16:43:17 08-Feb-2020,Argos,2,21.0576,37.5322,374,886,158,91,,,,,,
196385,196385,MiniPAT,16:51:42 08-Feb-2020,Argos,2,21.0555,37.5371,409,863,193,9,,,,,,
196385,196385,MiniPAT,17:20:06 08-Feb-2020,Argos,1,21.0588,37.5327,725,2425,216,3,,,,,,
196385,196385,MiniPAT,17:59:31 08-Feb-2020,Argos,2,21.0452,37.5432,487,811,292,68,,,,,,
196385,196385,MiniPAT,18:06:29 08-Feb-2020,Argos,1,21.0460,37.5418,586,915,374,75,,,,,,
196385,196385,MiniPAT,18:34:23 08-Feb-2020,Argos,3,21.0379,37.5415,169,460,61,62,,,,,,
196385,196385,MiniPAT,19:00:18 08-Feb-2020,Argos,3,21.0321,37.5378,225,436,116,94,,,,,,
196385,196385,MiniPAT,19:41:40 08-Feb-2020,Argos,1,21.0201,37.5453,1193,2342,607,169,,,,,,
196385,196385,MiniPAT,03:03:40 09-Feb-2020,Argos,1,21.0099,37.5752,633,1724,232,101,,,,,,
196385,196385,MiniPAT,03:06:11 09-Feb-2020,Argos,1,21.0086,37.5726,811,4131,159,78,,,,,,
196385,196385,MiniPAT,03:31:09 09-Feb-2020,Argos,B,21.0110,37.5637,1559,9336,260,100,,,,,,
196385,196385,MiniPAT,04:44:34 09-Feb-2020,Argos,0,21.0169,37.5838,1897,4869,738,164,,,,,,
196385,196385,MiniPAT,04:45:33 09-Feb-2020,Argos,A,21.0805,37.5834,7217,38866,1340,172,,,,,,
196385,196385,MiniPAT,05:11:58 09-Feb-2020,Argos,3,21.0099,37.5945,239,552,103,107,,,,,,
196385,196385,MiniPAT,05:22:57 09-Feb-2020,Argos,0,21.0181,37.6042,4057,18745,878,63,,,,,,
196385,196385,MiniPAT,05:49:54 09-Feb-2020,Argos,B,21.0095,37.5994,2406,15555,372,106,,,,,,
196385,196385,MiniPAT,06:34:18 09-Feb-2020,Argos,2,21.0036,37.6076,375,773,182,153,,,,,,
196385,196385,MiniPAT,07:03:14 09-Feb-2020,Argos,2,21.0089,37.6173,338,732,155,116,,,,,,
196385,196385,MiniPAT,07:27:40 09-Feb-2020,Argos,2,21.0107,37.6239,403,1014,159,97,,,,,,
196385,196385,MiniPAT,08:14:59 09-Feb-2020,Argos,B,21.0144,37.6355,582,909,371,92,,,,,,
196385,196385,MiniPAT,08:14:59 09-Feb-2020,Argos,A,21.0112,37.6295,3411,16893,688,179,,,,,,
196385,196385,MiniPAT,14:16:33 09-Feb-2020,Argos,1,21.0199,37.7511,732,1337,400,62,,,,,,
196385,196385,MiniPAT,15:29:03 09-Feb-2020,Argos,2,21.0248,37.7803,283,805,99,104,,,,,,
196385,196385,MiniPAT,15:58:55 09-Feb-2020,Argos,2,21.0200,37.7844,413,583,292,163,,,,,,
196385,196385,MiniPAT,16:18:22 09-Feb-2020,Argos,1,21.0280,37.7993,837,5421,129,75,,,,,,
196385,196385,MiniPAT,16:31:54 09-Feb-2020,Argos,A,21.0908,37.7895,5006,27050,926,179,,,,,,
196385,196385,MiniPAT,17:08:54 09-Feb-2020,Argos,B,21.0328,37.8132,2138,26459,172,99,,,,,,
196385,196385,MiniPAT,17:46:53 09-Feb-2020,Argos,3,21.0182,37.8132,197,549,70,64,,,,,,
196385,196385,MiniPAT,17:59:22 09-Feb-2020,Argos,B,21.0124,37.8202,335,1114,100,85,,,,,,
196385,196385,MiniPAT,18:12:48 09-Feb-2020,Argos,2,21.0218,37.8152,403,1835,88,74,,,,,,
196385,196385,MiniPAT,18:39:19 09-Feb-2020,Argos,1,21.0226,37.8345,594,3636,97,73,,,,,,
196385,196385,MiniPAT,19:28:48 09-Feb-2020,Argos,1,21.0166,37.8533,645,918,452,141,,,,,,
196385,196385,MiniPAT,20:21:04 09-Feb-2020,Argos,A,21.0165,37.8591,6809,37988,1220,20,,,,,,
196385,196385,MiniPAT,02:33:07 10-Feb-2020,Argos,2,21.0060,37.9571,359,758,169,37,,,,,,
196385,196385,MiniPAT,02:52:04 10-Feb-2020,Argos,2,21.0045,37.9605,455,631,328,90,,,,,,
196385,196385,MiniPAT,04:13:54 10-Feb-2020,Argos,1,21.0052,37.9793,568,924,349,147,,,,,,
196385,196385,MiniPAT,04:31:25 10-Feb-2020,Argos,1,21.0075,37.9834,617,1020,373,24,,,,,,
196385,196385,MiniPAT,04:46:57 10-Feb-2020,Argos,1,21.0009,38.0060,955,6720,135,108,,,,,,
196385,196385,MiniPAT,05:01:28 10-Feb-2020,Argos,B,21.0100,37.9799,616,2806,135,104,,,,,,
196385,196385,MiniPAT,06:23:40 10-Feb-2020,Argos,1,21.0020,38.0066,509,1110,233,98,,,,,,
196385,196385,MiniPAT,06:40:37 10-Feb-2020,Argos,2,21.0014,38.0091,252,1275,49,105,,,,,,
196385,196385,MiniPAT,07:09:10 10-Feb-2020,Argos,1,20.9990,38.0235,684,5464,85,104,,,,,,
196385,196385,MiniPAT,07:55:36 10-Feb-2020,Argos,A,21.0061,38.0196,907,3428,239,4,,,,,,
196385,196385,MiniPAT,08:03:04 10-Feb-2020,Argos,A,20.9871,38.0212,1916,12120,303,16,,,,,,
196385,196385,MiniPAT,14:06:02 10-Feb-2020,Argos,2,20.9769,38.0941,341,764,152,6,,,,,,
196385,196385,MiniPAT,14:58:24 10-Feb-2020,Argos,2,20.9777,38.1083,427,673,270,74,,,,,,
196385,196385,MiniPAT,15:46:21 10-Feb-2020,Argos,2,20.9654,38.1151,301,433,208,137,,,,,,
196385,196385,MiniPAT,15:52:20 10-Feb-2020,Argos,3,20.9712,38.1165,199,502,79,59,,,,,,
196385,196385,MiniPAT,16:36:45 10-Feb-2020,Argos,1,20.9648,38.1227,612,846,442,37,,,,,,
196385,196385,MiniPAT,17:34:39 10-Feb-2020,Argos,1,20.9485,38.1300,1243,2538,608,10,,,,,,
196385,196385,MiniPAT,17:36:09 10-Feb-2020,Argos,1,20.9581,38.1337,736,1519,356,44,,,,,,
196385,196385,MiniPAT,17:50:47 10-Feb-2020,Argos,2,20.9541,38.1392,344,1167,101,79,,,,,,
196385,196385,MiniPAT,18:18:44 10-Feb-2020,Argos,2,20.9499,38.1401,389,636,238,53,,,,,,
196385,196385,MiniPAT,19:17:57 10-Feb-2020,Argos,2,20.9391,38.1528,400,470,340,122,,,,,,
196385,196385,MiniPAT,19:30:57 10-Feb-2020,Argos,1,20.9339,38.1570,627,1524,258,158,,,,,,
196385,196385,MiniPAT,19:58:55 10-Feb-2020,Argos,2,20.9340,38.1579,289,440,190,154,,,,,,
196385,196385,MiniPAT,02:03:03 11-Feb-2020,Argos,1,20.9027,38.1983,689,1765,268,23,,,,,,
196385,196385,MiniPAT,02:40:23 11-Feb-2020,Argos,2,20.8941,38.1985,292,397,213,65,,,,,,
196385,196385,MiniPAT,03:43:41 11-Feb-2020,Argos,3,20.8882,38.2025,245,395,152,77,,,,,,
196385,196385,MiniPAT,04:20:49 11-Feb-2020,Argos,1,20.8864,38.2047,991,2053,478,1,,,,,,
196385,196385,MiniPAT,04:24:22 11-Feb-2020,Argos,0,20.8758,38.2186,4900,52876,454,118,,,,,,
196385,196385,MiniPAT,05:59:44 11-Feb-2020,Argos,2,20.8795,38.2122,386,707,210,20,,,,,,
196385,196385,MiniPAT,06:11:19 11-Feb-2020,Argos,2,20.8795,38.2173,364,587,225,56,,,,,,
196385,196385,MiniPAT,06:19:23 11-Feb-2020,Argos,2,20.8718,38.2164,318,1044,96,102,,,,,,
196385,196385,MiniPAT,06:48:30 11-Feb-2020,Argos,2,20.8653,38.2192,298,585,151,97,,,,,,
196385,196385,MiniPAT,07:36:36 11-Feb-2020,Argos,2,20.8617,38.2158,250,1307,47,112,,,,,,
196385,196385,MiniPAT,07:52:06 11-Feb-2020,Argos,1,20.8618,38.2242,608,1012,364,155,,,,,,
196385,196385,MiniPAT,08:00:06 11-Feb-2020,Argos,0,20.7990,38.2415,3810,13398,1083,174,,,,,,
196385,196385,MiniPAT,08:28:07 11-Feb-2020,Argos,1,20.8542,38.2255,583,1142,297,168,,,,,,
196385,196385,MiniPAT,13:53:53 11-Feb-2020,Argos,1,20.7826,38.2319,1421,5206,387,26,,,,,,
196385,196385,MiniPAT,14:30:00 11-Feb-2020,Argos,A,20.7885,38.2445,2208,14507,336,84,,,,,,
196385,196385,MiniPAT,15:25:56 11-Feb-2020,Argos,A,20.7795,38.2329,1105,4669,261,97,,,,,,
196385,196385,MiniPAT,15:34:56 11-Feb-2020,Argos,2,20.7775,38.2327,282,383,207,109,,,,,,
196385,196385,MiniPAT,16:07:49 11-Feb-2020,Argos,3,20.7724,38.2366,211,462,96,124,,,,,,
196385,196385,MiniPAT,17:23:44 11-Feb-2020,Argos,A,20.7549,38.2344,1517,15933,144,41,,,,,,
196385,196385,MiniPAT,17:29:43 11-Feb-2020,Argos,2,20.7588,38.2393,418,569,307,68,,,,,,
196385,196385,MiniPAT,17:56:43 11-Feb-2020,Argos,2,20.7546,38.2387,320,604,169,38,,,,,,
196385,196385,MiniPAT,18:45:33 11-Feb-2020,Argos,0,20.7438,38.2367,2756,71793,105,78,,,,,,
196385,196385,MiniPAT,19:06:30 11-Feb-2020,Argos,2,20.7374,38.2355,357,500,254,79,,,,,,
196385,196385,MiniPAT,19:10:59 11-Feb-2020,Argos,2,20.7380,38.2344,411,523,322,169,,,,,,
196385,196385,MiniPAT,19:37:56 11-Feb-2020,Argos,2,20.7323,38.2410,315,406,244,123,,,,,,
196385,196385,MiniPAT,02:28:02 12-Feb-2020,Argos,2,20.6685,38.2777,309,367,258,65,,,,,,
196385,196385,MiniPAT,03:11:36 12-Feb-2020,Argos,0,20.6721,38.2890,1675,23733,118,78,,,,,,
196385,196385,MiniPAT,03:57:25 12-Feb-2020,Argos,1,20.6713,38.2926,1207,4211,345,75,,,,,,
196385,196385,MiniPAT,04:08:24 12-Feb-2020,Argos,2,20.6699,38.2903,371,450,305,33,,,,,,
196385,196385,MiniPAT,05:36:13 12-Feb-2020,Argos,2,20.6673,38.2978,275,430,176,135,,,,,,
196385,196385,MiniPAT,05:58:10 12-Feb-2020,Argos,3,20.6659,38.3023,244,345,171,130,,,,,,
196385,196385,MiniPAT,06:02:09 12-Feb-2020,Argos,0,20.6637,38.3049,1655,8355,327,95,,,,,,
196385,196385,MiniPAT,06:27:08 12-Feb-2020,Argos,3,20.6635,38.3113,164,246,108,97,,,,,,
196385,196385,MiniPAT,07:13:58 12-Feb-2020,Argos,2,20.6683,38.3005,452,2971,68,103,,,,,,
196385,196385,MiniPAT,07:40:48 12-Feb-2020,Argos,0,20.6594,38.3191,1864,6455,538,138,,,,,,
196385,196385,MiniPAT,07:41:48 12-Feb-2020,Argos,1,20.6635,38.3175,881,2345,330,128,,,,,,
196385,196385,MiniPAT,08:06:45 12-Feb-2020,Argos,3,20.6609,38.3218,241,280,207,139,,,,,,
196385,196385,MiniPAT,13:42:59 12-Feb-2020,Argos,2,20.6160,38.3645,410,644,260,178,,,,,,
196385,196385,MiniPAT,15:00:37 12-Feb-2020,Argos,B,20.5887,38.4222,2436,37521,158,104,,,,,,
196385,196385,MiniPAT,15:24:33 12-Feb-2020,Argos,3,20.5984,38.3676,210,273,160,64,,,,,,
196385,196385,MiniPAT,15:36:59 12-Feb-2020,Argos,0,20.6112,38.3052,5944,423178,83,101,,,,,,
196385,196385,MiniPAT,17:08:29 12-Feb-2020,Argos,2,20.5906,38.3803,308,548,173,34,,,,,,
196385,196385,MiniPAT,17:10:32 12-Feb-2020,Argos,B,20.5985,38.3569,2152,32022,144,106,,,,,,
196385,196385,MiniPAT,17:14:32 12-Feb-2020,Argos,B,20.5938,38.3766,1620,21511,122,106,,,,,,
196385,196385,MiniPAT,17:35:28 12-Feb-2020,Argos,1,20.6000,38.3921,606,3384,108,46,,,,,,
196385,196385,MiniPAT,18:21:44 12-Feb-2020,Argos,1,20.5945,38.3947,885,6226,125,74,,,,,,
196385,196385,MiniPAT,18:50:35 12-Feb-2020,Argos,2,20.5894,38.3916,296,342,255,89,,,,,,
196385,196385,MiniPAT,18:54:04 12-Feb-2020,Argos,3,20.5910,38.3930,227,319,160,128,,,,,,
196385,196385,MiniPAT,19:17:27 12-Feb-2020,Argos,2,20.5894,38.3932,280,448,174,79,,,,,,
196385,196385,MiniPAT,02:15:52 13-Feb-2020,Argos,2,20.5836,38.4169,359,515,250,173,,,,,,
196385,196385,MiniPAT,02:40:45 13-Feb-2020,Argos,2,20.5824,38.4188,443,552,355,104,,,,,,
196385,196385,MiniPAT,03:31:34 13-Feb-2020,Argos,1,20.5794,38.4222,528,1110,251,39,,,,,,
196385,196385,MiniPAT,03:57:30 13-Feb-2020,Argos,2,20.5844,38.4198,269,342,210,122,,,,,,
196385,196385,MiniPAT,04:20:27 13-Feb-2020,Argos,2,20.5846,38.4204,443,553,354,174,,,,,,
196385,196385,MiniPAT,05:11:12 13-Feb-2020,Argos,3,20.5857,38.4247,229,469,111,110,,,,,,
196385,196385,MiniPAT,05:39:03 13-Feb-2020,Argos,3,20.5891,38.4267,223,265,187,125,,,,,,
196385,196385,MiniPAT,05:47:31 13-Feb-2020,Argos,3,20.5870,38.4263,233,368,147,28,,,,,,
196385,196385,MiniPAT,06:53:51 13-Feb-2020,Argos,2,20.5918,38.4297,299,1139,78,101,,,,,,
196385,196385,MiniPAT,07:18:12 13-Feb-2020,Argos,2,20.5930,38.4329,287,315,260,105,,,,,,
196385,196385,MiniPAT,07:28:38 13-Feb-2020,Argos,3,20.5910,38.4308,178,212,149,115,,,,,,
196385,196385,MiniPAT,07:46:34 13-Feb-2020,Argos,3,20.5930,38.4315,188,303,116,111,,,,,,
196385,196385,MiniPAT,13:30:43 13-Feb-2020,Argos,2,20.6119,38.4711,327,622,172,16,,,,,,
196385,196385,MiniPAT,15:05:00 13-Feb-2020,Argos,3,20.6191,38.4876,230,335,157,104,,,,,,
196385,196385,MiniPAT,16:17:07 13-Feb-2020,Argos,1,20.6256,38.4987,1386,12526,153,76,,,,,,
196385,196385,MiniPAT,16:43:34 13-Feb-2020,Argos,2,20.6304,38.5079,452,546,374,12,,,,,,
196385,196385,MiniPAT,16:48:02 13-Feb-2020,Argos,2,20.6306,38.5114,265,485,144,11,,,,,,
196385,196385,MiniPAT,17:00:58 13-Feb-2020,Argos,2,20.6310,38.5141,334,611,182,17,,,,,,
196385,196385,MiniPAT,17:16:24 13-Feb-2020,Argos,1,20.6312,38.5206,635,1474,273,2,,,,,,
196385,196385,MiniPAT,17:58:45 13-Feb-2020,Argos,0,20.6488,38.5306,3823,14274,1023,176,,,,,,
196385,196385,MiniPAT,18:03:15 13-Feb-2020,Argos,1,20.6355,38.5352,558,1497,207,26,,,,,,
196385,196385,MiniPAT,18:29:11 13-Feb-2020,Argos,3,20.6348,38.5429,233,448,121,80,,,,,,
196385,196385,MiniPAT,18:42:09 13-Feb-2020,Argos,3,20.6346,38.5464,205,415,101,81,,,,,,
196385,196385,MiniPAT,18:56:05 13-Feb-2020,Argos,2,20.6330,38.5495,290,946,88,78,,,,,,
196385,196385,MiniPAT,19:39:56 13-Feb-2020,Argos,B,20.6169,38.5516,4007,58324,275,40,,,,,,
196385,196385,MiniPAT,02:05:56 14-Feb-2020,Argos,2,20.5528,38.6620,468,878,249,47,,,,,,
196385,196385,MiniPAT,02:08:25 14-Feb-2020,Argos,3,20.5534,38.6734,219,533,89,44,,,,,,
196385,196385,MiniPAT,03:05:12 14-Feb-2020,Argos,A,20.5371,38.6813,6185,38830,985,15,,,,,,
196385,196385,MiniPAT,03:46:29 14-Feb-2020,Argos,3,20.5250,38.6824,126,208,76,115,,,,,,
196385,196385,MiniPAT,03:49:27 14-Feb-2020,Argos,3,20.5225,38.6761,206,246,172,89,,,,,,
196385,196385,MiniPAT,04:45:43 14-Feb-2020,Argos,1,20.5091,38.6656,991,14642,67,101,,,,,,
196385,196385,MiniPAT,05:18:07 14-Feb-2020,Argos,3,20.4973,38.6780,236,378,147,35,,,,,,
196385,196385,MiniPAT,05:35:02 14-Feb-2020,Argos,2,20.4936,38.6780,339,869,132,170,,,,,,
196385,196385,MiniPAT,05:46:29 14-Feb-2020,Argos,1,20.4813,38.6707,529,1701,164,43,,,,,,
196385,196385,MiniPAT,06:22:51 14-Feb-2020,Argos,A,20.4767,38.6793,1441,8400,247,53,,,,,,
196385,196385,MiniPAT,06:34:18 14-Feb-2020,Argos,2,20.4734,38.6762,302,1220,74,55,,,,,,
196385,196385,MiniPAT,06:58:43 14-Feb-2020,Argos,3,20.4646,38.6796,204,355,117,109,,,,,,
196385,196385,MiniPAT,07:17:06 14-Feb-2020,Argos,3,20.4586,38.6785,177,298,104,111,,,,,,
196385,196385,MiniPAT,07:23:32 14-Feb-2020,Argos,3,20.4558,38.6754,161,537,48,95,,,,,,
196385,196385,MiniPAT,08:12:45 14-Feb-2020,Argos,2,20.4403,38.6656,253,458,139,36,,,,,,
196385,196385,MiniPAT,13:19:25 14-Feb-2020,Argos,2,20.3670,38.5851,483,904,258,173,,,,,,
196385,196385,MiniPAT,14:33:24 14-Feb-2020,Argos,2,20.3698,38.5572,261,348,195,13,,,,,,
196385,196385,MiniPAT,14:59:43 14-Feb-2020,Argos,2,20.3673,38.5530,254,858,75,79,,,,,,
196385,196385,MiniPAT,15:52:15 14-Feb-2020,Argos,3,20.3677,38.5319,176,360,85,66,,,,,,
196385,196385,MiniPAT,16:27:26 14-Feb-2020,Argos,A,20.3790,38.5190,1503,6127,368,15,,,,,,
196385,196385,MiniPAT,16:49:44 14-Feb-2020,Argos,2,20.3664,38.5126,345,696,170,11,,,,,,
196385,196385,MiniPAT,17:33:21 14-Feb-2020,Argos,2,20.3736,38.4967,268,331,216,5,,,,,,
196385,196385,MiniPAT,17:43:16 14-Feb-2020,Argos,1,20.3727,38.4923,714,798,637,116,,,,,,
196385,196385,MiniPAT,18:07:36 14-Feb-2020,Argos,1,20.3760,38.4918,542,3913,75,78,,,,,,
196385,196385,MiniPAT,18:29:58 14-Feb-2020,Argos,2,20.3766,38.4795,270,1008,72,79,,,,,,
196385,196385,MiniPAT,18:34:56 14-Feb-2020,Argos,2,20.3762,38.4738,463,2351,91,76,,,,,,
196385,196385,MiniPAT,19:23:14 14-Feb-2020,Argos,A,20.3829,38.4624,1096,3459,346,178,,,,,,
196385,196385,MiniPAT,19:49:11 14-Feb-2020,Argos,B,20.3870,38.4495,1772,12788,245,88,,,,,,
196385,196385,MiniPAT,20:15:07 14-Feb-2020,Argos,1,20.3845,38.4421,735,2106,256,144,,,,,,
196385,196385,MiniPAT,01:39:12 15-Feb-2020,Argos,1,20.4250,38.3506,563,1611,196,0,,,,,,
196385,196385,MiniPAT,01:53:05 15-Feb-2020,Argos,2,20.4283,38.3544,406,662,248,14,,,,,,
196385,196385,MiniPAT,03:17:58 15-Feb-2020,Argos,2,20.4423,38.3343,300,1319,68,78,,,,,,
196385,196385,MiniPAT,03:34:19 15-Feb-2020,Argos,3,20.4436,38.3254,242,632,92,109,,,,,,
196385,196385,MiniPAT,04:20:26 15-Feb-2020,Argos,3,20.4527,38.3195,169,304,93,94,,,,,,
196385,196385,MiniPAT,04:58:08 15-Feb-2020,Argos,1,20.4550,38.3150,558,1555,200,38,,,,,,
196385,196385,MiniPAT,05:23:28 15-Feb-2020,Argos,2,20.4733,38.3093,346,629,190,11,,,,,,
196385,196385,MiniPAT,05:59:41 15-Feb-2020,Argos,3,20.4723,38.2970,247,369,164,173,,,,,,
196385,196385,MiniPAT,06:11:05 15-Feb-2020,Argos,A,20.4742,38.2966,165,253,106,83,,,,,,
196385,196385,MiniPAT,06:37:51 15-Feb-2020,Argos,2,20.4800,38.2888,369,2049,66,103,,,,,,
196385,196385,MiniPAT,07:05:37 15-Feb-2020,Argos,2,20.4842,38.2929,340,1985,58,101,,,,,,
196385,196385,MiniPAT,07:05:37 15-Feb-2020,Argos,2,20.4848,38.2854,260,556,121,107,,,,,,
196385,196385,MiniPAT,07:52:46 15-Feb-2020,Argos,3,20.4921,38.2786,149,182,121,69,,,,,,
196385,196385,MiniPAT,08:15:35 15-Feb-2020,Argos,B,20.4956,38.2870,535,3766,75,116,,,,,,
196385,196385,MiniPAT,08:43:54 15-Feb-2020,Argos,1,20.4989,38.2747,510,1293,201,25,,,,,,
196385,196385,MiniPAT,13:07:41 15-Feb-2020,Argos,B,20.5218,38.2375,503,3519,72,76,,,,,,
196385,196385,MiniPAT,14:03:25 15-Feb-2020,Argos,1,20.5360,38.2539,1051,4348,254,37,,,,,,
196385,196385,MiniPAT,14:47:35 15-Feb-2020,Argos,0,20.5545,38.2793,3264,108507,98,77,,,,,,
196385,196385,MiniPAT,15:28:46 15-Feb-2020,Argos,2,20.5523,38.2388,271,548,134,151,,,,,,
196385,196385,MiniPAT,15:43:08 15-Feb-2020,Argos,1,20.5525,38.2388,602,4794,75,104,,,,,,
196385,196385,MiniPAT,16:29:15 15-Feb-2020,Argos,0,20.5553,38.2444,2275,9223,561,164,,,,,,
196385,196385,MiniPAT,16:37:40 15-Feb-2020,Argos,A,20.5355,38.2273,5465,39773,751,13,,,,,,
196385,196385,MiniPAT,17:06:55 15-Feb-2020,Argos,3,20.5632,38.2391,203,287,143,109,,,,,,
196385,196385,MiniPAT,17:20:48 15-Feb-2020,Argos,A,20.5654,38.2320,525,4504,61,107,,,,,,
196385,196385,MiniPAT,17:45:35 15-Feb-2020,Argos,3,20.5675,38.2329,145,463,45,70,,,,,,
196385,196385,MiniPAT,18:13:49 15-Feb-2020,Argos,3,20.5716,38.2321,166,293,94,67,,,,,,
196385,196385,MiniPAT,18:17:47 15-Feb-2020,Argos,0,20.5642,38.2001,4441,163137,120,77,,,,,,
196385,196385,MiniPAT,19:28:15 15-Feb-2020,Argos,2,20.5829,38.2297,257,423,155,179,,,,,,
196385,196385,MiniPAT,19:55:32 15-Feb-2020,Argos,2,20.5858,38.2293,316,444,224,156,,,,,,
196385,196385,MiniPAT,19:59:30 15-Feb-2020,Argos,2,20.5800,38.2324,493,1250,194,160,,,,,,
196385,196385,MiniPAT,01:42:01 16-Feb-2020,Argos,1,20.6347,38.2252,610,1769,210,31,,,,,,
196385,196385,MiniPAT,02:47:29 16-Feb-2020,Argos,3,20.6497,38.2185,139,275,70,72,,,,,,
196385,196385,MiniPAT,03:20:15 16-Feb-2020,Argos,2,20.6574,38.2193,339,1656,69,97,,,,,,
196385,196385,MiniPAT,03:57:01 16-Feb-2020,Argos,2,20.6597,38.2224,306,640,145,73,,,,,,
196385,196385,MiniPAT,04:27:21 16-Feb-2020,Argos,2,20.6658,38.2226,402,572,281,172,,,,,,
196385,196385,MiniPAT,05:01:39 16-Feb-2020,Argos,B,20.6737,38.2104,1253,8804,178,113,,,,,,
196385,196385,MiniPAT,05:12:35 16-Feb-2020,Argos,B,20.6742,38.2240,670,2333,192,100,,,,,,
196385,196385,MiniPAT,05:34:28 16-Feb-2020,Argos,2,20.6786,38.2182,277,319,239,112,,,,,,
196385,196385,MiniPAT,06:14:44 16-Feb-2020,Argos,3,20.6868,38.2196,176,644,48,110,,,,,,
196385,196385,MiniPAT,06:44:37 16-Feb-2020,Argos,3,20.6924,38.2275,200,668,59,89,,,,,,
196385,196385,MiniPAT,06:51:04 16-Feb-2020,Argos,1,20.6962,38.2084,555,3748,82,108,,,,,,
196385,196385,MiniPAT,07:34:27 16-Feb-2020,Argos,B,20.7083,38.2332,3288,45528,237,67,,,,,,
196385,196385,MiniPAT,07:56:18 16-Feb-2020,Argos,1,20.7044,38.2201,1146,2728,481,7,,,,,,
196385,196385,MiniPAT,08:24:38 16-Feb-2020,Argos,3,20.7111,38.2172,241,426,136,161,,,,,,
196385,196385,MiniPAT,14:36:13 16-Feb-2020,Argos,2,20.7724,38.2536,294,1247,69,75,,,,,,
196385,196385,MiniPAT,15:11:55 16-Feb-2020,Argos,3,20.7775,38.2625,191,355,102,94,,,,,,
196385,196385,MiniPAT,16:17:22 16-Feb-2020,Argos,2,20.7717,38.2745,316,702,141,158,,,,,,
196385,196385,MiniPAT,16:42:37 16-Feb-2020,Argos,3,20.7817,38.2774,215,456,101,79,,,,,,
196385,196385,MiniPAT,16:50:33 16-Feb-2020,Argos,2,20.7808,38.2743,328,670,160,168,,,,,,
196385,196385,MiniPAT,17:25:46 16-Feb-2020,Argos,3,20.7836,38.2818,227,300,171,61,,,,,,
196385,196385,MiniPAT,17:54:01 16-Feb-2020,Argos,3,20.7874,38.2849,180,207,155,19,,,,,,
196385,196385,MiniPAT,18:06:54 16-Feb-2020,Argos,2,20.7856,38.2799,377,1926,73,77,,,,,,
196385,196385,MiniPAT,18:41:36 16-Feb-2020,Argos,0,20.7875,38.2862,1535,22545,104,77,,,,,,
196385,196385,MiniPAT,19:05:53 16-Feb-2020,Argos,3,20.7860,38.2949,222,358,136,130,,,,,,
196385,196385,MiniPAT,19:33:09 16-Feb-2020,Argos,3,20.7871,38.2980,176,276,111,110,,,,,,
196385,196385,MiniPAT,19:48:30 16-Feb-2020,Argos,2,20.7861,38.2965,408,866,192,178,,,,,,
196385,196385,MiniPAT,02:16:19 17-Feb-2020,Argos,3,20.7675,38.3320,224,261,192,24,,,,,,
196385,196385,MiniPAT,03:08:58 17-Feb-2020,Argos,2,20.7584,38.3305,385,1865,79,112,,,,,,
196385,196385,MiniPAT,03:30:20 17-Feb-2020,Argos,1,20.7594,38.3369,1491,3626,612,28,,,,,,
196385,196385,MiniPAT,03:55:42 17-Feb-2020,Argos,3,20.7533,38.3339,151,176,128,100,,,,,,
196385,196385,MiniPAT,04:48:54 17-Feb-2020,Argos,1,20.7528,38.3404,1063,5464,206,54,,,,,,
196385,196385,MiniPAT,05:09:44 17-Feb-2020,Argos,2,20.7426,38.3416,261,556,122,103,,,,,,
196385,196385,MiniPAT,05:56:00 17-Feb-2020,Argos,3,20.7358,38.3378,244,459,129,89,,,,,,
196385,196385,MiniPAT,06:24:20 17-Feb-2020,Argos,2,20.7310,38.3395,306,483,193,59,,,,,,
196385,196385,MiniPAT,06:41:14 17-Feb-2020,Argos,1,20.7327,38.3400,1233,2555,594,89,,,,,,
196385,196385,MiniPAT,07:12:09 17-Feb-2020,Argos,0,20.7326,38.3122,12326,,,,,,,,,
196385,196385,MiniPAT,07:36:30 17-Feb-2020,Argos,3,20.7241,38.3440,245,401,149,157,,,,,,
196385,196385,MiniPAT,08:02:19 17-Feb-2020,Argos,2,20.7211,38.3457,353,475,262,46,,,,,,
196385,196385,MiniPAT,08:20:19 17-Feb-2020,Argos,B,20.7074,38.3645,3284,42550,253,113,,,,,,
196385,196385,MiniPAT,14:24:34 17-Feb-2020,Argos,3,20.6818,38.3454,200,326,121,72,,,,,,
196385,196385,MiniPAT,14:40:27 17-Feb-2020,Argos,2,20.6761,38.3403,286,503,162,41,,,,,,
196385,196385,MiniPAT,16:05:24 17-Feb-2020,Argos,2,20.6705,38.3449,369,665,204,157,,,,,,
196385,196385,MiniPAT,16:17:19 17-Feb-2020,Argos,A,20.6413,38.3269,4430,13925,1409,37,,,,,,
196385,196385,MiniPAT,16:19:18 17-Feb-2020,Argos,B,20.6681,38.3468,257,347,189,134,,,,,,
196385,196385,MiniPAT,17:05:55 17-Feb-2020,Argos,2,20.6716,38.3465,336,613,183,0,,,,,,
196385,196385,MiniPAT,17:32:16 17-Feb-2020,Argos,2,20.6714,38.3477,361,1087,119,35,,,,,,
196385,196385,MiniPAT,17:54:05 17-Feb-2020,Argos,2,20.6675,38.3450,256,548,119,66,,,,,,
196385,196385,MiniPAT,17:58:03 17-Feb-2020,Argos,1,20.6738,38.3469,924,2296,371,170,,,,,,
196385,196385,MiniPAT,18:18:52 17-Feb-2020,Argos,1,20.6664,38.3421,561,2356,133,69,,,,,,
196385,196385,MiniPAT,18:45:41 17-Feb-2020,Argos,3,20.6650,38.3453,241,314,183,94,,,,,,
196385,196385,MiniPAT,19:13:02 17-Feb-2020,Argos,3,20.6652,38.3467,198,292,134,96,,,,,,
196385,196385,MiniPAT,19:35:54 17-Feb-2020,Argos,2,20.6667,38.3450,275,430,176,156,,,,,,
196385,196385,MiniPAT,01:45:45 18-Feb-2020,Argos,B,20.6749,38.3481,434,1703,110,73,,,,,,
196385,196385,MiniPAT,02:58:54 18-Feb-2020,Argos,3,20.6777,38.3523,233,659,82,101,,,,,,
196385,196385,MiniPAT,03:24:18 18-Feb-2020,Argos,3,20.6789,38.3544,203,536,76,80,,,,,,
196385,196385,MiniPAT,04:38:56 18-Feb-2020,Argos,1,20.6798,38.3551,606,799,459,171,,,,,,
196385,196385,MiniPAT,04:44:53 18-Feb-2020,Argos,1,20.6790,38.3567,969,8665,108,101,,,,,,
196385,196385,MiniPAT,05:35:35 18-Feb-2020,Argos,2,20.6820,38.3604,327,472,226,39,,,,,,
196385,196385,MiniPAT,06:02:25 18-Feb-2020,Argos,2,20.6791,38.3583,390,846,179,16,,,,,,
196385,196385,MiniPAT,06:30:20 18-Feb-2020,Argos,3,20.6819,38.3623,221,537,90,97,,,,,,
196385,196385,MiniPAT,06:50:42 18-Feb-2020,Argos,3,20.6825,38.3598,146,330,64,100,,,,,,
196385,196385,MiniPAT,07:15:05 18-Feb-2020,Argos,3,20.6846,38.3587,162,173,151,88,,,,,,
196385,196385,MiniPAT,07:41:55 18-Feb-2020,Argos,3,20.6878,38.3582,223,340,145,91,,,,,,
196385,196385,MiniPAT,08:09:18 18-Feb-2020,Argos,1,20.6964,38.3585,838,1570,446,8,,,,,,
196385,196385,MiniPAT,14:08:30 18-Feb-2020,Argos,1,20.6910,38.4029,717,2299,223,4,,,,,,
196385,196385,MiniPAT,14:12:29 18-Feb-2020,Argos,2,20.6966,38.4030,316,604,165,49,,,,,,
196385,196385,MiniPAT,15:49:06 18-Feb-2020,Argos,2,20.6894,38.4215,281,970,81,105,,,,,,
196385,196385,MiniPAT,15:52:35 18-Feb-2020,Argos,3,20.6888,38.4193,199,284,139,63,,,,,,
196385,196385,MiniPAT,15:54:34 18-Feb-2020,Argos,2,20.6848,38.4175,308,359,264,175,,,,,,
196385,196385,MiniPAT,16:43:59 18-Feb-2020,Argos,2,20.6768,38.4257,342,902,129,33,,,,,,
196385,196385,MiniPAT,17:11:50 18-Feb-2020,Argos,0,20.6996,38.4423,1569,6875,358,23,,,,,,
196385,196385,MiniPAT,17:32:10 18-Feb-2020,Argos,3,20.6750,38.4358,226,411,124,149,,,,,,
196385,196385,MiniPAT,17:42:38 18-Feb-2020,Argos,2,20.6763,38.4381,326,530,200,53,,,,,,
196385,196385,MiniPAT,17:59:31 18-Feb-2020,Argos,A,20.6522,38.4369,2542,18015,358,10,,,,,,
196385,196385,MiniPAT,18:27:20 18-Feb-2020,Argos,3,20.6689,38.4431,176,425,72,64,,,,,,
196385,196385,MiniPAT,18:55:39 18-Feb-2020,Argos,2,20.6663,38.4516,476,3214,70,74,,,,,,
196385,196385,MiniPAT,19:24:27 18-Feb-2020,Argos,2,20.6542,38.4470,323,366,284,152,,,,,,
196385,196385,MiniPAT,19:40:26 18-Feb-2020,Argos,1,20.6588,38.4490,812,1093,603,174,,,,,,
196385,196385,MiniPAT,02:47:17 19-Feb-2020,Argos,3,20.5645,38.4487,192,248,148,84,,,,,,
196385,196385,MiniPAT,02:53:15 19-Feb-2020,Argos,3,20.5615,38.4553,241,693,83,69,,,,,,
196385,196385,MiniPAT,04:20:09 19-Feb-2020,Argos,3,20.5413,38.4396,186,342,101,94,,,,,,
196385,196385,MiniPAT,04:28:06 19-Feb-2020,Argos,3,20.5378,38.4445,229,343,152,169,,,,,,
196385,196385,MiniPAT,04:33:34 19-Feb-2020,Argos,2,20.5382,38.4355,338,681,167,173,,,,,,
196385,196385,MiniPAT,05:13:21 19-Feb-2020,Argos,2,20.5272,38.4315,313,651,150,168,,,,,,
196385,196385,MiniPAT,05:58:47 19-Feb-2020,Argos,3,20.5167,38.4312,220,297,162,16,,,,,,
196385,196385,MiniPAT,06:17:21 19-Feb-2020,Argos,2,20.5168,38.4209,276,347,218,107,,,,,,
196385,196385,MiniPAT,06:26:48 19-Feb-2020,Argos,B,20.5130,38.4185,2069,22595,189,72,,,,,,
196385,196385,MiniPAT,06:55:16 19-Feb-2020,Argos,3,20.5074,38.4199,184,380,89,107,,,,,,
196385,196385,MiniPAT,07:22:36 19-Feb-2020,Argos,2,20.4998,38.4182,373,1507,92,104,,,,,,
196385,196385,MiniPAT,07:58:24 19-Feb-2020,Argos,2,20.4960,38.4073,406,754,218,173,,,,,,
196385,196385,MiniPAT,08:12:20 19-Feb-2020,Argos,A,20.5021,38.3958,4575,66740,313,106,,,,,,
196385,196385,MiniPAT,09:00:03 19-Feb-2020,Argos,B,20.4815,38.4001,1982,28500,137,118,,,,,,
196385,196385,MiniPAT,14:00:39 19-Feb-2020,Argos,1,20.4267,38.3514,511,749,348,26,,,,,,
196385,196385,MiniPAT,15:17:52 19-Feb-2020,Argos,2,20.4044,38.3269,257,456,144,101,,,,,,
196385,196385,MiniPAT,15:26:19 19-Feb-2020,Argos,2,20.3921,38.3286,433,875,214,34,,,,,,
196385,196385,MiniPAT,15:41:47 19-Feb-2020,Argos,3,20.3972,38.3241,247,310,196,125,,,,,,
196385,196385,MiniPAT,16:56:23 19-Feb-2020,Argos,2,20.3713,38.3137,370,705,194,1,,,,,,
196385,196385,MiniPAT,17:31:25 19-Feb-2020,Argos,2,20.3659,38.2973,478,834,274,6,,,,,,
196385,196385,MiniPAT,18:04:17 19-Feb-2020,Argos,0,20.3626,38.2885,1876,40689,86,79,,,,,,
196385,196385,MiniPAT,18:32:12 19-Feb-2020,Argos,1,20.3594,38.2750,937,4693,187,85,,,,,,
196385,196385,MiniPAT,19:12:28 19-Feb-2020,Argos,2,20.3503,38.2655,368,433,311,108,,,,,,
196385,196385,MiniPAT,20:11:49 19-Feb-2020,Argos,1,20.3453,38.2414,1490,6905,321,153,,,,,,
