DeployID,Ptt,DepthSensor,Source,Instr,Count,Start,End,LocationQuality,Latitude,Longitude,MinDepth,MinDepthAccuracy,MaxDepth,MaxDepthAccuracy,MinTemp,MinTempAccuracy,MaxTemp,MaxTempAccuracy,MobMean,MobSD,ActivitySum
196385,196385,0.500000,Transmission,MiniPAT,3,10:00:00 11-Jan-2020,11:00:00 11-Jan-2020,,,,0.0,0.00,164.0,1.75,22.4,0.00,26.1,0.00,,,
196385,196385,0.500000,Transmission,MiniPAT,1,11:00:00 11-Jan-2020,12:00:00 11-Jan-2020,,,,143.5,1.75,168.0,1.75,22.3,0.00,22.6,0.00,,,
196385,196385,0.500000,Transmission,MiniPAT,1,12:00:00 11-Jan-2020,13:00:00 11-Jan-2020,,,,139.5,1.75,164.0,1.75,,,,,,,
196385,196385,0.500000,Transmission,MiniPAT,1,14:00:00 11-Jan-2020,15:00:00 11-Jan-2020,,,,,,,,21.9,0.00,22.4,0.00,,,
196385,196385,0.500000,Transmission,MiniPAT,1,15:00:00 11-Jan-2020,16:00:00 11-Jan-2020,,,,167.5,1.75,236.0,1.75,,,,,,,
196385,196385,0.500000,Transmission,MiniPAT,2,16:00:00 11-Jan-2020,17:00:00 11-Jan-2020,,,,163.5,1.75,188.0,1.75,22.2,0.00,22.4,0.00,,,
196385,196385,0.500000,Transmission,MiniPAT,3,17:00:00 11-Jan-2020,18:00:00 11-Jan-2020,,,,147.5,1.75,188.0,1.75,22.2,0.00,22.5,0.00,,,
196385,196385,0.500000,Transmission,MiniPAT,1,18:00:00 11-Jan-2020,19:00:00 11-Jan-2020,,,,135.5,1.75,200.0,1.75,22.1,0.00,22.8,0.00,,,
196385,196385,0.500000,Transmission,MiniPAT,1,19:00:00 11-Jan-2020,20:00:00 11-Jan-2020,,,,147.5,1.75,216.0,1.75,,,,,,,
196385,196385,0.500000,Transmission,MiniPAT,1,22:00:00 11-Jan-2020,23:00:00 11-Jan-2020,,,,171.5,1.75,236.0,1.75,21.9,0.00,22.3,0.00,,,
196385,196385,0.500000,Transmission,MiniPAT,1,23:00:00 11-Jan-2020,00:00:00 12-Jan-2020,,,,159.5,1.75,224.0,1.75,22.0,0.00,22.4,0.00,,,
196385,196385,0.500000,Transmission,MiniPAT,1,00:00:00 12-Jan-2020,01:00:00 12-Jan-2020,,,,143.5,1.75,232.0,1.75,,,,,,,
196385,196385,0.500000,Transmission,MiniPAT,1,01:00:00 12-Jan-2020,02:00:00 12-Jan-2020,,,,135.5,1.75,212.0,1.75,22.1,0.00,22.9,0.00,,,
196385,196385,0.500000,Transmission,MiniPAT,1,02:00:00 12-Jan-2020,03:00:00 12-Jan-2020,,,,163.5,1.75,200.0,1.75,,,,,,,
196385,196385,0.500000,Transmission,MiniPAT,1,03:00:00 12-Jan-2020,04:00:00 12-Jan-2020,,,,,,,,21.9,0.00,22.4,0.00,,,
196385,196385,0.500000,Transmission,MiniPAT,3,04:00:00 12-Jan-2020,05:00:00 12-Jan-2020,,,,171.5,1.75,312.0,3.75,21.7,0.00,22.3,0.00,,,
196385,196385,0.500000,Transmission,MiniPAT,1,05:00:00 12-Jan-2020,06:00:00 12-Jan-2020,,,,175.5,1.75,208.0,1.75,,,,,,,
196385,196385,0.500000,Transmission,MiniPAT,1,07:00:00 12-Jan-2020,08:00:00 12-Jan-2020,,,,,,,,21.9,0.00,22.0,0.00,,,
196385,196385,0.500000,Transmission,MiniPAT,2,08:00:00 12-Jan-2020,09:00:00 12-Jan-2020,,,,215.5,1.75,320.0,3.75,21.7,0.00,22.0,0.00,,,
196385,196385,0.500000,Transmission,MiniPAT,1,09:00:00 12-Jan-2020,10:00:00 12-Jan-2020,,,,199.5,1.75,240.0,1.75,21.9,0.00,22.1,0.00,,,
196385,196385,0.500000,Transmission,MiniPAT,5,10:00:00 12-Jan-2020,11:00:00 12-Jan-2020,,,,219.5,1.75,244.0,1.75,21.9,0.00,22.0,0.00,,,
196385,196385,0.500000,Transmission,MiniPAT,2,11:00:00 12-Jan-2020,12:00:00 12-Jan-2020,,,,195.5,1.75,236.0,1.75,21.9,0.00,22.1,0.00,,,
196385,196385,0.500000,Transmission,MiniPAT,2,12:00:00 12-Jan-2020,13:00:00 12-Jan-2020,,,,207.5,1.75,244.0,1.75,21.9,0.00,22.1,0.00,,,
196385,196385,0.500000,Transmission,MiniPAT,2,13:00:00 12-Jan-2020,14:00:00 12-Jan-2020,,,,207.5,1.75,240.0,1.75,21.9,0.00,22.1,0.00,,,
196385,196385,0.500000,Transmission,MiniPAT,2,14:00:00 12-Jan-2020,15:00:00 12-Jan-2020,,,,183.5,1.75,249.0,2.75,21.9,0.00,22.3,0.00,,,
196385,196385,0.500000,Transmission,MiniPAT,2,15:00:00 12-Jan-2020,16:00:00 12-Jan-2020,,,,167.5,1.75,256.0,3.75,21.9,0.00,22.4,0.00,,,
196385,196385,0.500000,Transmission,MiniPAT,2,17:00:00 12-Jan-2020,18:00:00 12-Jan-2020,,,,175.5,1.75,236.0,1.75,21.9,0.00,22.4,0.00,,,
196385,196385,0.500000,Transmission,MiniPAT,2,19:00:00 12-Jan-2020,20:00:00 12-Jan-2020,,,,,,,,21.9,0.00,22.3,0.00,,,
196385,196385,0.500000,Transmission,MiniPAT,2,20:00:00 12-Jan-2020,21:00:00 12-Jan-2020,,,,191.5,1.75,236.0,1.75,22.0,0.00,22.3,0.00,,,
196385,196385,0.500000,Transmission,MiniPAT,2,21:00:00 12-Jan-2020,22:00:00 12-Jan-2020,,,,203.5,1.75,249.0,2.75,21.9,0.00,22.1,0.00,,,
196385,196385,0.500000,Transmission,MiniPAT,2,22:00:00 12-Jan-2020,23:00:00 12-Jan-2020,,,,199.5,1.75,240.0,1.75,21.9,0.00,22.3,0.00,,,
196385,196385,0.500000,Transmission,MiniPAT,1,23:00:00 12-Jan-2020,00:00:00 13-Jan-2020,,,,187.5,1.75,240.0,1.75,21.9,0.00,22.4,0.00,,,
196385,196385,0.500000,Transmission,MiniPAT,2,00:00:00 13-Jan-2020,01:00:00 13-Jan-2020,,,,207.5,1.75,228.0,1.75,22.0,0.00,22.3,0.00,,,
196385,196385,0.500000,Transmission,MiniPAT,2,01:00:00 13-Jan-2020,02:00:00 13-Jan-2020,,,,159.5,1.75,228.0,1.75,22.0,0.00,22.6,0.00,,,
196385,196385,0.500000,Transmission,MiniPAT,2,02:00:00 13-Jan-2020,03:00:00 13-Jan-2020,,,,147.5,1.75,208.0,1.75,22.1,0.00,22.8,0.00,,,
196385,196385,0.500000,Transmission,MiniPAT,2,03:00:00 13-Jan-2020,04:00:00 13-Jan-2020,,,,187.5,1.75,256.0,3.75,21.9,0.00,22.3,0.00,,,
196385,196385,0.500000,Transmission,MiniPAT,1,04:00:00 13-Jan-2020,05:00:00 13-Jan-2020,,,,231.5,1.75,264.0,3.75,21.9,0.00,22.0,0.00,,,
196385,196385,0.500000,Transmission,MiniPAT,1,05:00:00 13-Jan-2020,06:00:00 13-Jan-2020,,,,243.5,1.75,264.0,3.75,21.8,0.00,21.9,0.00,,,
196385,196385,0.500000,Transmission,MiniPAT,1,06:00:00 13-Jan-2020,07:00:00 13-Jan-2020,,,,243.5,1.75,272.0,3.75,21.8,0.00,21.9,0.00,,,
196385,196385,0.500000,Transmission,MiniPAT,1,09:00:00 13-Jan-2020,10:00:00 13-Jan-2020,,,,,,,,21.8,0.00,21.9,0.00,,,
196385,196385,0.500000,Transmission,MiniPAT,1,10:00:00 13-Jan-2020,11:00:00 13-Jan-2020,,,,235.5,1.75,296.0,3.75,21.7,0.00,21.9,0.00,,,
196385,196385,0.500000,Transmission,MiniPAT,3,11:00:00 13-Jan-2020,12:00:00 13-Jan-2020,,,,263.5,3.75,296.0,3.75,21.7,0.00,21.8,0.00,,,
196385,196385,0.500000,Transmission,MiniPAT,3,12:00:00 13-Jan-2020,13:00:00 13-Jan-2020,,,,248.5,2.75,280.0,3.75,21.8,0.00,21.9,0.00,,,
196385,196385,0.500000,Transmission,MiniPAT,1,13:00:00 13-Jan-2020,14:00:00 13-Jan-2020,,,,263.5,3.75,312.0,3.75,21.7,0.00,21.9,0.00,,,
196385,196385,0.500000,Transmission,MiniPAT,1,14:00:00 13-Jan-2020,15:00:00 13-Jan-2020,,,,295.5,3.75,320.0,3.75,21.7,0.00,21.8,0.00,,,
196385,196385,0.500000,Transmission,MiniPAT,3,15:00:00 13-Jan-2020,16:00:00 13-Jan-2020,,,,,,,,21.7,0.00,24.9,0.00,,,
196385,196385,0.500000,Transmission,MiniPAT,2,16:00:00 13-Jan-2020,17:00:00 13-Jan-2020,,,,39.5,0.25,108.0,0.75,24.9,0.00,26.0,0.00,,,
196385,196385,0.500000,Transmission,MiniPAT,2,17:00:00 13-Jan-2020,18:00:00 13-Jan-2020,,,,36.5,0.25,94.0,0.75,25.0,0.00,26.0,0.00,,,
196385,196385,0.500000,Transmission,MiniPAT,1,19:00:00 13-Jan-2020,20:00:00 13-Jan-2020,,,,47.5,0.25,110.0,0.75,24.6,0.00,25.9,0.00,,,
196385,196385,0.500000,Transmission,MiniPAT,5,20:00:00 13-Jan-2020,21:00:00 13-Jan-2020,,,,,,,,22.0,0.00,25.5,0.00,,,
196385,196385,0.500000,Transmission,MiniPAT,5,21:00:00 13-Jan-2020,22:00:00 13-Jan-2020,,,,159.5,1.75,208.0,1.75,22.0,0.00,22.4,0.00,,,
196385,196385,0.500000,Transmission,MiniPAT,3,22:00:00 13-Jan-2020,23:00:00 13-Jan-2020,,,,,,,,21.9,0.00,22.3,0.00,,,
196385,196385,0.500000,Transmission,MiniPAT,2,23:00:00 13-Jan-2020,00:00:00 14-Jan-2020,,,,187.5,1.75,236.0,1.75,21.9,0.00,22.3,0.00,,,
196385,196385,0.500000,Transmission,MiniPAT,2,00:00:00 14-Jan-2020,01:00:00 14-Jan-2020,,,,65.5,0.75,208.0,1.75,22.1,0.00,25.8,0.00,,,
196385,196385,0.500000,Transmission,MiniPAT,2,01:00:00 14-Jan-2020,02:00:00 14-Jan-2020,,,,,,,,22.0,0.00,22.3,0.00,,,
196385,196385,0.500000,Transmission,MiniPAT,1,02:00:00 14-Jan-2020,03:00:00 14-Jan-2020,,,,175.5,1.75,232.0,1.75,22.0,0.00,22.3,0.00,,,
196385,196385,0.500000,Transmission,MiniPAT,1,03:00:00 14-Jan-2020,04:00:00 14-Jan-2020,,,,93.5,0.75,272.0,3.75,21.8,0.00,25.0,0.00,,,
196385,196385,0.500000,Transmission,MiniPAT,2,04:00:00 14-Jan-2020,05:00:00 14-Jan-2020,,,,263.5,3.75,288.0,3.75,21.8,0.00,21.9,0.00,,,
196385,196385,0.500000,Transmission,MiniPAT,1,05:00:00 14-Jan-2020,06:00:00 14-Jan-2020,,,,271.5,3.75,296.0,3.75,,,,,,,
196385,196385,0.500000,Transmission,MiniPAT,1,06:00:00 14-Jan-2020,07:00:00 14-Jan-2020,,,,,,,,21.7,0.00,21.9,0.00,,,
196385,196385,0.500000,Transmission,MiniPAT,2,07:00:00 14-Jan-2020,08:00:00 14-Jan-2020,,,,,,,,21.7,0.00,21.8,0.00,,,
196385,196385,0.500000,Transmission,MiniPAT,2,08:00:00 14-Jan-2020,09:00:00 14-Jan-2020,,,,271.5,3.75,320.0,3.75,21.7,0.00,21.9,0.00,,,
196385,196385,0.500000,Transmission,MiniPAT,2,09:00:00 14-Jan-2020,10:00:00 14-Jan-2020,,,,295.5,3.75,328.0,3.75,21.7,0.00,21.8,0.00,,,
196385,196385,0.500000,Transmission,MiniPAT,4,10:00:00 14-Jan-2020,11:00:00 14-Jan-2020,,,,287.5,3.75,328.0,3.75,21.7,0.00,21.8,0.00,,,
196385,196385,0.500000,Transmission,MiniPAT,3,11:00:00 14-Jan-2020,12:00:00 14-Jan-2020,,,,279.5,3.75,312.0,3.75,21.7,0.00,21.8,0.00,,,
196385,196385,0.500000,Transmission,MiniPAT,1,12:00:00 14-Jan-2020,13:00:00 14-Jan-2020,,,,271.5,3.75,304.0,3.75,21.7,0.00,21.9,0.00,,,
196385,196385,0.500000,Transmission,MiniPAT,3,13:00:00 14-Jan-2020,14:00:00 14-Jan-2020,,,,263.5,3.75,320.0,3.75,21.7,0.00,21.9,0.00,,,
196385,196385,0.500000,Transmission,MiniPAT,1,14:00:00 14-Jan-2020,15:00:00 14-Jan-2020,,,,,,,,21.6,0.00,21.8,0.00,,,
196385,196385,0.500000,Transmission,MiniPAT,1,20:00:00 14-Jan-2020,21:00:00 14-Jan-2020,,,,59.5,0.75,160.0,1.75,,,,,,,
196385,196385,0.500000,Transmission,MiniPAT,1,21:00:00 14-Jan-2020,22:00:00 14-Jan-2020,,,,50.5,0.25,128.0,1.75,,,,,,,
196385,196385,0.500000,Transmission,MiniPAT,2,22:00:00 14-Jan-2020,23:00:00 14-Jan-2020,,,,59.5,0.75,96.0,0.75,25.0,0.00,25.8,0.00,,,
196385,196385,0.500000,Transmission,MiniPAT,3,23:00:00 14-Jan-2020,00:00:00 15-Jan-2020,,,,53.5,0.25,86.0,0.75,25.0,0.00,25.8,0.00,,,
196385,196385,0.500000,Transmission,MiniPAT,1,00:00:00 15-Jan-2020,01:00:00 15-Jan-2020,,,,59.5,0.75,112.0,0.75,,,,,,,
196385,196385,0.500000,Transmission,MiniPAT,2,01:00:00 15-Jan-2020,02:00:00 15-Jan-2020,,,,57.5,0.75,144.0,1.75,22.7,0.00,25.6,0.00,,,
196385,196385,0.500000,Transmission,MiniPAT,2,02:00:00 15-Jan-2020,03:00:00 15-Jan-2020,,,,139.5,1.75,188.0,1.75,22.3,0.00,22.8,0.00,,,
196385,196385,0.500000,Transmission,MiniPAT,3,03:00:00 15-Jan-2020,04:00:00 15-Jan-2020,,,,,,,,21.9,0.00,25.8,0.00,,,
196385,196385,0.500000,Transmission,MiniPAT,4,04:00:00 15-Jan-2020,05:00:00 15-Jan-2020,,,,248.5,2.75,304.0,3.75,21.7,0.00,21.9,0.00,,,
196385,196385,0.500000,Transmission,MiniPAT,3,05:00:00 15-Jan-2020,06:00:00 15-Jan-2020,,,,255.5,3.75,320.0,3.75,21.7,0.00,21.9,0.00,,,
196385,196385,0.500000,Transmission,MiniPAT,2,07:00:00 15-Jan-2020,08:00:00 15-Jan-2020,,,,,,,,21.7,0.00,21.8,0.00,,,
196385,196385,0.500000,Transmission,MiniPAT,3,08:00:00 15-Jan-2020,09:00:00 15-Jan-2020,,,,279.5,3.75,320.0,3.75,21.8,0.00,21.9,0.00,,,
196385,196385,0.500000,Transmission,MiniPAT,2,09:00:00 15-Jan-2020,10:00:00 15-Jan-2020,,,,,,,,21.8,0.00,21.9,0.00,,,
196385,196385,0.500000,Transmission,MiniPAT,2,10:00:00 15-Jan-2020,11:00:00 15-Jan-2020,,,,287.5,3.75,584.0,7.75,21.6,0.00,21.9,0.00,,,
196385,196385,0.500000,Transmission,MiniPAT,3,11:00:00 15-Jan-2020,12:00:00 15-Jan-2020,,,,567.5,7.75,600.0,7.75,21.6,0.00,21.8,0.00,,,
196385,196385,0.500000,Transmission,MiniPAT,2,12:00:00 15-Jan-2020,13:00:00 15-Jan-2020,,,,567.5,7.75,616.0,7.75,21.6,0.00,21.8,0.00,,,
196385,196385,0.500000,Transmission,MiniPAT,3,13:00:00 15-Jan-2020,14:00:00 15-Jan-2020,,,,551.5,7.75,616.0,7.75,21.6,0.00,21.8,0.00,,,
196385,196385,0.500000,Transmission,MiniPAT,1,14:00:00 15-Jan-2020,15:00:00 15-Jan-2020,,,,535.5,7.75,616.0,7.75,21.6,0.00,21.8,0.00,,,
196385,196385,0.500000,Transmission,MiniPAT,2,15:00:00 15-Jan-2020,16:00:00 15-Jan-2020,,,,,,,,21.6,0.00,22.4,0.00,,,
196385,196385,0.500000,Transmission,MiniPAT,1,17:00:00 15-Jan-2020,18:00:00 15-Jan-2020,,,,30.5,0.25,62.0,0.75,24.7,0.00,25.3,0.00,,,
196385,196385,0.500000,Transmission,MiniPAT,1,18:00:00 15-Jan-2020,19:00:00 15-Jan-2020,,,,45.5,0.25,72.0,0.75,,,,,,,
196385,196385,0.500000,Transmission,MiniPAT,2,19:00:00 15-Jan-2020,20:00:00 15-Jan-2020,,,,35.5,0.25,78.0,0.75,24.8,0.00,25.3,0.00,,,
196385,196385,0.500000,Transmission,MiniPAT,1,20:00:00 15-Jan-2020,21:00:00 15-Jan-2020,,,,40.5,0.25,84.0,0.75,24.8,0.00,25.1,0.00,,,
196385,196385,0.500000,Transmission,MiniPAT,1,21:00:00 15-Jan-2020,22:00:00 15-Jan-2020,,,,32.5,0.25,86.0,0.75,,,,,,,
196385,196385,0.500000,Transmission,MiniPAT,3,22:00:00 15-Jan-2020,23:00:00 15-Jan-2020,,,,37.5,0.25,124.0,1.75,23.6,0.00,25.0,0.00,,,
196385,196385,0.500000,Transmission,MiniPAT,3,23:00:00 15-Jan-2020,00:00:00 16-Jan-2020,,,,48.5,0.25,108.0,0.75,24.4,0.00,24.9,0.00,,,
196385,196385,0.500000,Transmission,MiniPAT,2,00:00:00 16-Jan-2020,01:00:00 16-Jan-2020,,,,42.5,0.25,120.5,1.25,,,,,,,
196385,196385,0.500000,Transmission,MiniPAT,1,02:00:00 16-Jan-2020,03:00:00 16-Jan-2020,,,,57.5,0.75,108.0,0.75,,,,,,,
196385,196385,0.500000,Transmission,MiniPAT,1,03:00:00 16-Jan-2020,04:00:00 16-Jan-2020,,,,95.5,0.75,272.0,3.75,,,,,,,
196385,196385,0.500000,Transmission,MiniPAT,1,04:00:00 16-Jan-2020,05:00:00 16-Jan-2020,,,,255.5,3.75,312.0,3.75,21.7,0.00,22.0,0.00,,,
196385,196385,0.500000,Transmission,MiniPAT,1,05:00:00 16-Jan-2020,06:00:00 16-Jan-2020,,,,263.5,3.75,288.0,3.75,21.8,0.00,21.9,0.00,,,
196385,196385,0.500000,Transmission,MiniPAT,2,06:00:00 16-Jan-2020,07:00:00 16-Jan-2020,,,,271.5,3.75,312.0,3.75,21.8,0.00,21.9,0.00,,,
196385,196385,0.500000,Transmission,MiniPAT,3,07:00:00 16-Jan-2020,08:00:00 16-Jan-2020,,,,279.5,3.75,304.0,3.75,21.7,0.00,21.9,0.00,,,
196385,196385,0.500000,Transmission,MiniPAT,3,08:00:00 16-Jan-2020,09:00:00 16-Jan-2020,,,,271.5,3.75,304.0,3.75,21.7,0.00,21.9,0.00,,,
196385,196385,0.500000,Transmission,MiniPAT,1,09:00:00 16-Jan-2020,10:00:00 16-Jan-2020,,,,248.5,2.75,288.0,3.75,21.8,0.00,21.9,0.00,,,
196385,196385,0.500000,Transmission,MiniPAT,2,10:00:00 16-Jan-2020,11:00:00 16-Jan-2020,,,,279.5,3.75,304.0,3.75,21.8,0.00,21.9,0.00,,,
196385,196385,0.500000,Transmission,MiniPAT,1,11:00:00 16-Jan-2020,12:00:00 16-Jan-2020,,,,248.5,2.75,288.0,3.75,,,,,,,
196385,196385,0.500000,Transmission,MiniPAT,1,12:00:00 16-Jan-2020,13:00:00 16-Jan-2020,,,,,,,,21.8,0.00,21.9,0.00,,,
196385,196385,0.500000,Transmission,MiniPAT,4,14:00:00 16-Jan-2020,15:00:00 16-Jan-2020,,,,279.5,3.75,344.0,3.75,21.7,0.00,21.9,0.00,,,
196385,196385,0.500000,Transmission,MiniPAT,4,15:00:00 16-Jan-2020,16:00:00 16-Jan-2020,,,,73.5,0.75,312.0,3.75,21.8,0.00,24.9,0.00,,,
196385,196385,0.500000,Transmission,MiniPAT,2,16:00:00 16-Jan-2020,17:00:00 16-Jan-2020,,,,43.5,0.25,86.0,0.75,24.6,0.00,25.0,0.00,,,
196385,196385,0.500000,Transmission,MiniPAT,1,17:00:00 16-Jan-2020,18:00:00 16-Jan-2020,,,,49.5,0.25,86.0,0.75,24.7,0.00,25.0,0.00,,,
196385,196385,0.500000,Transmission,MiniPAT,1,18:00:00 16-Jan-2020,19:00:00 16-Jan-2020,,,,39.5,0.25,96.0,0.75,24.6,0.00,25.1,0.00,,,
196385,196385,0.500000,Transmission,MiniPAT,1,19:00:00 16-Jan-2020,20:00:00 16-Jan-2020,,,,56.0,0.50,100.0,0.75,24.5,0.00,25.0,0.00,,,
196385,196385,0.500000,Transmission,MiniPAT,2,20:00:00 16-Jan-2020,21:00:00 16-Jan-2020,,,,49.5,0.25,100.0,0.75,24.6,0.00,25.0,0.00,,,
196385,196385,0.500000,Transmission,MiniPAT,1,21:00:00 16-Jan-2020,22:00:00 16-Jan-2020,,,,49.5,0.25,120.5,1.25,24.1,0.00,25.0,0.00,,,
196385,196385,0.500000,Transmission,MiniPAT,1,22:00:00 16-Jan-2020,23:00:00 16-Jan-2020,,,,59.5,0.75,102.0,0.75,,,,,,,
196385,196385,0.500000,Transmission,MiniPAT,1,23:00:00 16-Jan-2020,00:00:00 17-Jan-2020,,,,67.5,0.75,116.0,0.75,24.4,0.00,25.0,0.00,,,
196385,196385,0.500000,Transmission,MiniPAT,1,00:00:00 17-Jan-2020,01:00:00 17-Jan-2020,,,,50.5,0.25,128.0,1.75,23.8,0.00,25.0,0.00,,,
196385,196385,0.500000,Transmission,MiniPAT,1,01:00:00 17-Jan-2020,02:00:00 17-Jan-2020,,,,39.5,0.25,100.0,0.75,24.5,0.00,25.5,0.00,,,
196385,196385,0.500000,Transmission,MiniPAT,1,02:00:00 17-Jan-2020,03:00:00 17-Jan-2020,,,,52.5,0.25,116.0,0.75,24.5,0.00,25.3,0.00,,,
196385,196385,0.500000,Transmission,MiniPAT,1,03:00:00 17-Jan-2020,04:00:00 17-Jan-2020,,,,57.5,0.75,264.0,3.75,21.9,0.00,25.1,0.00,,,
196385,196385,0.500000,Transmission,MiniPAT,1,04:00:00 17-Jan-2020,05:00:00 17-Jan-2020,,,,248.5,2.75,280.0,3.75,21.8,0.00,21.9,0.00,,,
196385,196385,0.500000,Transmission,MiniPAT,2,06:00:00 17-Jan-2020,07:00:00 17-Jan-2020,,,,,,,,21.8,0.00,21.9,0.00,,,
196385,196385,0.500000,Transmission,MiniPAT,1,07:00:00 17-Jan-2020,08:00:00 17-Jan-2020,,,,235.5,1.75,288.0,3.75,21.8,0.00,22.0,0.00,,,
196385,196385,0.500000,Transmission,MiniPAT,3,08:00:00 17-Jan-2020,09:00:00 17-Jan-2020,,,,248.5,2.75,288.0,3.75,21.8,0.00,22.0,0.00,,,
196385,196385,0.500000,Transmission,MiniPAT,1,09:00:00 17-Jan-2020,10:00:00 17-Jan-2020,,,,255.5,3.75,280.0,3.75,21.9,0.00,22.0,0.00,,,
196385,196385,0.500000,Transmission,MiniPAT,1,10:00:00 17-Jan-2020,11:00:00 17-Jan-2020,,,,248.5,2.75,288.0,3.75,21.8,0.00,21.9,0.00,,,
196385,196385,0.500000,Transmission,MiniPAT,1,11:00:00 17-Jan-2020,12:00:00 17-Jan-2020,,,,263.5,3.75,288.0,3.75,21.8,0.00,21.9,0.00,,,
196385,196385,0.500000,Transmission,MiniPAT,2,15:00:00 17-Jan-2020,16:00:00 17-Jan-2020,,,,,,,,21.8,0.00,25.0,0.00,,,
196385,196385,0.500000,Transmission,MiniPAT,4,16:00:00 17-Jan-2020,17:00:00 17-Jan-2020,,,,52.5,0.25,80.0,0.75,24.7,0.00,25.1,0.00,,,
196385,196385,0.500000,Transmission,MiniPAT,5,17:00:00 17-Jan-2020,18:00:00 17-Jan-2020,,,,53.5,0.25,100.0,0.75,24.6,0.00,25.0,0.00,,,
196385,196385,0.500000,Transmission,MiniPAT,4,18:00:00 17-Jan-2020,19:00:00 17-Jan-2020,,,,56.0,0.50,116.0,0.75,24.5,0.00,25.0,0.00,,,
196385,196385,0.500000,Transmission,MiniPAT,1,19:00:00 17-Jan-2020,20:00:00 17-Jan-2020,,,,65.5,0.75,114.0,0.75,24.6,0.00,25.0,0.00,,,
196385,196385,0.500000,Transmission,MiniPAT,1,20:00:00 17-Jan-2020,21:00:00 17-Jan-2020,,,,,,,,24.6,0.00,24.9,0.00,,,
196385,196385,0.500000,Transmission,MiniPAT,1,22:00:00 17-Jan-2020,23:00:00 17-Jan-2020,,,,71.5,0.75,116.0,0.75,24.6,0.00,25.0,0.00,,,
196385,196385,0.500000,Transmission,MiniPAT,1,23:00:00 17-Jan-2020,00:00:00 18-Jan-2020,,,,54.5,0.25,124.0,1.75,24.4,0.00,25.0,0.00,,,
196385,196385,0.500000,Transmission,MiniPAT,3,00:00:00 18-Jan-2020,01:00:00 18-Jan-2020,,,,52.5,0.25,116.0,0.75,24.6,0.00,25.0,0.00,,,
196385,196385,0.500000,Transmission,MiniPAT,4,01:00:00 18-Jan-2020,02:00:00 18-Jan-2020,,,,57.5,0.75,120.5,1.25,24.6,0.00,25.1,0.00,,,
196385,196385,0.500000,Transmission,MiniPAT,4,02:00:00 18-Jan-2020,03:00:00 18-Jan-2020,,,,47.5,0.25,128.0,1.75,24.1,0.00,25.3,0.00,,,
196385,196385,0.500000,Transmission,MiniPAT,1,04:00:00 18-Jan-2020,05:00:00 18-Jan-2020,,,,195.5,1.75,220.0,1.75,22.1,0.00,22.3,0.00,,,
196385,196385,0.500000,Transmission,MiniPAT,2,07:00:00 18-Jan-2020,08:00:00 18-Jan-2020,,,,207.5,1.75,232.0,1.75,22.1,0.00,22.3,0.00,,,
196385,196385,0.500000,Transmission,MiniPAT,2,08:00:00 18-Jan-2020,09:00:00 18-Jan-2020,,,,211.5,1.75,264.0,3.75,21.9,0.00,22.3,0.00,,,
196385,196385,0.500000,Transmission,MiniPAT,1,09:00:00 18-Jan-2020,10:00:00 18-Jan-2020,,,,239.5,1.75,272.0,3.75,21.9,0.00,22.1,0.00,,,
196385,196385,0.500000,Transmission,MiniPAT,3,10:00:00 18-Jan-2020,11:00:00 18-Jan-2020,,,,239.5,1.75,264.0,3.75,21.9,0.00,22.1,0.00,,,
196385,196385,0.500000,Transmission,MiniPAT,2,11:00:00 18-Jan-2020,12:00:00 18-Jan-2020,,,,227.5,1.75,249.0,2.75,22.0,0.00,22.1,0.00,,,
196385,196385,0.500000,Transmission,MiniPAT,1,12:00:00 18-Jan-2020,13:00:00 18-Jan-2020,,,,195.5,1.75,244.0,1.75,22.0,0.00,22.3,0.00,,,
196385,196385,0.500000,Transmission,MiniPAT,1,13:00:00 18-Jan-2020,14:00:00 18-Jan-2020,,,,195.5,1.75,220.0,1.75,22.1,0.00,22.3,0.00,,,
196385,196385,0.500000,Transmission,MiniPAT,1,14:00:00 18-Jan-2020,15:00:00 18-Jan-2020,,,,,,,,21.9,0.00,22.3,0.00,,,
196385,196385,0.500000,Transmission,MiniPAT,2,16:00:00 18-Jan-2020,17:00:00 18-Jan-2020,,,,65.5,0.75,144.0,1.75,22.9,0.00,25.3,0.00,,,
196385,196385,0.500000,Transmission,MiniPAT,2,17:00:00 18-Jan-2020,18:00:00 18-Jan-2020,,,,63.5,0.75,164.0,1.75,22.6,0.00,25.3,0.00,,,
196385,196385,0.500000,Transmission,MiniPAT,1,18:00:00 18-Jan-2020,19:00:00 18-Jan-2020,,,,109.5,0.75,128.0,1.75,23.6,0.00,24.4,0.00,,,
196385,196385,0.500000,Transmission,MiniPAT,3,19:00:00 18-Jan-2020,20:00:00 18-Jan-2020,,,,91.5,0.75,164.0,1.75,22.6,0.00,25.3,0.00,,,
196385,196385,0.500000,Transmission,MiniPAT,2,20:00:00 18-Jan-2020,21:00:00 18-Jan-2020,,,,71.5,0.75,164.0,1.75,22.6,0.00,25.3,0.00,,,
196385,196385,0.500000,Transmission,MiniPAT,1,21:00:00 18-Jan-2020,22:00:00 18-Jan-2020,,,,107.5,0.75,160.0,1.75,22.6,0.00,24.8,0.00,,,
196385,196385,0.500000,Transmission,MiniPAT,2,22:00:00 18-Jan-2020,23:00:00 18-Jan-2020,,,,103.5,0.75,156.0,1.75,22.6,0.00,24.8,0.00,,,
196385,196385,0.500000,Transmission,MiniPAT,4,00:00:00 19-Jan-2020,01:00:00 19-Jan-2020,,,,103.5,0.75,136.0,1.75,24.5,0.00,24.9,0.00,,,
196385,196385,0.500000,Transmission,MiniPAT,3,01:00:00 19-Jan-2020,02:00:00 19-Jan-2020,,,,103.5,0.75,156.0,1.75,22.8,0.00,25.0,0.00,,,
196385,196385,0.500000,Transmission,MiniPAT,3,02:00:00 19-Jan-2020,03:00:00 19-Jan-2020,,,,105.5,0.75,144.0,1.75,23.6,0.00,25.0,0.00,,,
196385,196385,0.500000,Transmission,MiniPAT,2,03:00:00 19-Jan-2020,04:00:00 19-Jan-2020,,,,127.5,1.75,224.0,1.75,22.1,0.00,24.9,0.00,,,
196385,196385,0.500000,Transmission,MiniPAT,3,04:00:00 19-Jan-2020,05:00:00 19-Jan-2020,,,,195.5,1.75,224.0,1.75,22.1,0.00,22.4,0.00,,,
196385,196385,0.500000,Transmission,MiniPAT,1,05:00:00 19-Jan-2020,06:00:00 19-Jan-2020,,,,195.5,1.75,240.0,1.75,,,,,,,
196385,196385,0.500000,Transmission,MiniPAT,2,06:00:00 19-Jan-2020,07:00:00 19-Jan-2020,,,,163.5,1.75,236.0,1.75,22.1,0.00,22.6,0.00,,,
196385,196385,0.500000,Transmission,MiniPAT,2,07:00:00 19-Jan-2020,08:00:00 19-Jan-2020,,,,187.5,1.75,264.0,3.75,22.0,0.00,22.5,0.00,,,
196385,196385,0.500000,Transmission,MiniPAT,3,08:00:00 19-Jan-2020,09:00:00 19-Jan-2020,,,,243.5,1.75,272.0,3.75,,,,,,,
196385,196385,0.500000,Transmission,MiniPAT,1,09:00:00 19-Jan-2020,10:00:00 19-Jan-2020,,,,235.5,1.75,264.0,3.75,,,,,,,
196385,196385,0.500000,Transmission,MiniPAT,3,10:00:00 19-Jan-2020,11:00:00 19-Jan-2020,,,,227.5,1.75,264.0,3.75,21.9,0.00,22.3,0.00,,,
196385,196385,0.500000,Transmission,MiniPAT,3,11:00:00 19-Jan-2020,12:00:00 19-Jan-2020,,,,223.5,1.75,249.0,2.75,22.0,0.00,22.3,0.00,,,
196385,196385,0.500000,Transmission,MiniPAT,1,12:00:00 19-Jan-2020,13:00:00 19-Jan-2020,,,,223.5,1.75,272.0,3.75,21.9,0.00,22.3,0.00,,,
196385,196385,0.500000,Transmission,MiniPAT,1,13:00:00 19-Jan-2020,14:00:00 19-Jan-2020,,,,231.5,1.75,249.0,2.75,22.0,0.00,22.3,0.00,,,
196385,196385,0.500000,Transmission,MiniPAT,1,14:00:00 19-Jan-2020,15:00:00 19-Jan-2020,,,,223.5,1.75,256.0,3.75,22.0,0.00,22.3,0.00,,,
196385,196385,0.500000,Transmission,MiniPAT,1,20:00:00 19-Jan-2020,21:00:00 19-Jan-2020,,,,73.5,0.75,144.0,1.75,23.0,0.00,25.1,0.00,,,
196385,196385,0.500000,Transmission,MiniPAT,1,22:00:00 19-Jan-2020,23:00:00 19-Jan-2020,,,,81.5,0.75,118.0,0.75,24.2,0.00,25.4,0.00,,,
196385,196385,0.500000,Transmission,MiniPAT,1,23:00:00 19-Jan-2020,00:00:00 20-Jan-2020,,,,95.5,0.75,124.0,1.75,24.0,0.00,25.4,0.00,,,
196385,196385,0.500000,Transmission,MiniPAT,2,00:00:00 20-Jan-2020,01:00:00 20-Jan-2020,,,,81.5,0.75,128.0,1.75,23.7,0.00,25.5,0.00,,,
196385,196385,0.500000,Transmission,MiniPAT,1,01:00:00 20-Jan-2020,02:00:00 20-Jan-2020,,,,81.5,0.75,124.0,1.75,24.5,0.00,25.5,0.00,,,
196385,196385,0.500000,Transmission,MiniPAT,1,02:00:00 20-Jan-2020,03:00:00 20-Jan-2020,,,,,,,,23.6,0.00,25.5,0.00,,,
196385,196385,0.500000,Transmission,MiniPAT,1,06:00:00 20-Jan-2020,07:00:00 20-Jan-2020,,,,243.5,1.75,256.0,3.75,21.9,0.00,22.1,0.00,,,
196385,196385,0.500000,Transmission,MiniPAT,2,07:00:00 20-Jan-2020,08:00:00 20-Jan-2020,,,,223.5,1.75,264.0,3.75,21.9,0.00,22.3,0.00,,,
196385,196385,0.500000,Transmission,MiniPAT,5,08:00:00 20-Jan-2020,09:00:00 20-Jan-2020,,,,239.5,1.75,272.0,3.75,21.9,0.00,22.1,0.00,,,
196385,196385,0.500000,Transmission,MiniPAT,5,09:00:00 20-Jan-2020,10:00:00 20-Jan-2020,,,,219.5,1.75,256.0,3.75,22.0,0.00,22.3,0.00,,,
196385,196385,0.500000,Transmission,MiniPAT,3,10:00:00 20-Jan-2020,11:00:00 20-Jan-2020,,,,223.5,1.75,249.0,2.75,22.0,0.00,22.3,0.00,,,
196385,196385,0.500000,Transmission,MiniPAT,3,11:00:00 20-Jan-2020,12:00:00 20-Jan-2020,,,,219.5,1.75,244.0,1.75,22.0,0.00,22.3,0.00,,,
196385,196385,0.500000,Transmission,MiniPAT,2,12:00:00 20-Jan-2020,13:00:00 20-Jan-2020,,,,191.5,1.75,249.0,2.75,22.0,0.00,22.4,0.00,,,
196385,196385,0.500000,Transmission,MiniPAT,2,14:00:00 20-Jan-2020,15:00:00 20-Jan-2020,,,,191.5,1.75,224.0,1.75,22.1,0.00,22.4,0.00,,,
196385,196385,0.500000,Transmission,MiniPAT,3,15:00:00 20-Jan-2020,16:00:00 20-Jan-2020,,,,87.5,0.75,228.0,1.75,22.0,0.00,25.4,0.00,,,
196385,196385,0.500000,Transmission,MiniPAT,2,16:00:00 20-Jan-2020,17:00:00 20-Jan-2020,,,,57.5,0.75,94.0,0.75,25.2,0.00,25.8,0.00,,,
196385,196385,0.500000,Transmission,MiniPAT,3,17:00:00 20-Jan-2020,18:00:00 20-Jan-2020,,,,46.5,0.25,106.0,0.75,25.0,0.00,25.8,0.00,,,
196385,196385,0.500000,Transmission,MiniPAT,1,18:00:00 20-Jan-2020,19:00:00 20-Jan-2020,,,,79.5,0.75,104.0,0.75,25.0,0.00,25.3,0.00,,,
196385,196385,0.500000,Transmission,MiniPAT,2,19:00:00 20-Jan-2020,20:00:00 20-Jan-2020,,,,79.5,0.75,110.0,0.75,24.8,0.00,25.3,0.00,,,
196385,196385,0.500000,Transmission,MiniPAT,2,20:00:00 20-Jan-2020,21:00:00 20-Jan-2020,,,,75.5,0.75,108.0,0.75,,,,,,,
196385,196385,0.500000,Transmission,MiniPAT,3,21:00:00 20-Jan-2020,22:00:00 20-Jan-2020,,,,71.5,0.75,108.0,0.75,24.8,0.00,25.3,0.00,,,
196385,196385,0.500000,Transmission,MiniPAT,2,22:00:00 20-Jan-2020,23:00:00 20-Jan-2020,,,,73.5,0.75,96.0,0.75,24.8,0.00,25.3,0.00,,,
196385,196385,0.500000,Transmission,MiniPAT,3,23:00:00 20-Jan-2020,00:00:00 21-Jan-2020,,,,61.5,0.75,96.0,0.75,24.8,0.00,25.3,0.00,,,
196385,196385,0.500000,Transmission,MiniPAT,1,01:00:00 21-Jan-2020,02:00:00 21-Jan-2020,,,,,,,,24.1,0.00,25.4,0.00,,,
196385,196385,0.500000,Transmission,MiniPAT,1,02:00:00 21-Jan-2020,03:00:00 21-Jan-2020,,,,,,,,22.6,0.00,25.1,0.00,,,
196385,196385,0.500000,Transmission,MiniPAT,1,05:00:00 21-Jan-2020,06:00:00 21-Jan-2020,,,,,,,,21.9,0.00,22.3,0.00,,,
196385,196385,0.500000,Transmission,MiniPAT,2,06:00:00 21-Jan-2020,07:00:00 21-Jan-2020,,,,255.5,3.75,288.0,3.75,21.9,0.00,22.0,0.00,,,
196385,196385,0.500000,Transmission,MiniPAT,1,07:00:00 21-Jan-2020,08:00:00 21-Jan-2020,,,,235.5,1.75,288.0,3.75,21.9,0.00,22.3,0.00,,,
196385,196385,0.500000,Transmission,MiniPAT,1,08:00:00 21-Jan-2020,09:00:00 21-Jan-2020,,,,231.5,1.75,256.0,3.75,,,,,,,
196385,196385,0.500000,Transmission,MiniPAT,1,09:00:00 21-Jan-2020,10:00:00 21-Jan-2020,,,,,,,,22.0,0.00,22.1,0.00,,,
196385,196385,0.500000,Transmission,MiniPAT,3,10:00:00 21-Jan-2020,11:00:00 21-Jan-2020,,,,243.5,1.75,296.0,3.75,21.9,0.00,22.1,0.00,,,
196385,196385,0.500000,Transmission,MiniPAT,3,11:00:00 21-Jan-2020,12:00:00 21-Jan-2020,,,,248.5,2.75,280.0,3.75,21.9,0.00,22.1,0.00,,,
196385,196385,0.500000,Transmission,MiniPAT,2,12:00:00 21-Jan-2020,13:00:00 21-Jan-2020,,,,235.5,1.75,256.0,3.75,22.0,0.00,22.1,0.00,,,
196385,196385,0.500000,Transmission,MiniPAT,2,13:00:00 21-Jan-2020,14:00:00 21-Jan-2020,,,,215.5,1.75,288.0,3.75,21.8,0.00,22.3,0.00,,,
196385,196385,0.500000,Transmission,MiniPAT,2,14:00:00 21-Jan-2020,15:00:00 21-Jan-2020,,,,239.5,1.75,264.0,3.75,21.9,0.00,22.0,0.00,,,
196385,196385,0.500000,Transmission,MiniPAT,2,16:00:00 21-Jan-2020,17:00:00 21-Jan-2020,,,,,,,,24.3,0.00,25.1,0.00,,,
196385,196385,0.500000,Transmission,MiniPAT,1,17:00:00 21-Jan-2020,18:00:00 21-Jan-2020,,,,53.5,0.25,106.0,0.75,,,,,,,
196385,196385,0.500000,Transmission,MiniPAT,2,18:00:00 21-Jan-2020,19:00:00 21-Jan-2020,,,,103.5,0.75,124.0,1.75,24.1,0.00,24.8,0.00,,,
196385,196385,0.500000,Transmission,MiniPAT,3,19:00:00 21-Jan-2020,20:00:00 21-Jan-2020,,,,99.5,0.75,152.0,1.75,22.9,0.00,24.9,0.00,,,
196385,196385,0.500000,Transmission,MiniPAT,3,20:00:00 21-Jan-2020,21:00:00 21-Jan-2020,,,,57.5,0.75,152.0,1.75,22.8,0.00,25.0,0.00,,,
196385,196385,0.500000,Transmission,MiniPAT,3,21:00:00 21-Jan-2020,22:00:00 21-Jan-2020,,,,67.5,0.75,118.0,0.75,24.1,0.00,25.0,0.00,,,
196385,196385,0.500000,Transmission,MiniPAT,3,22:00:00 21-Jan-2020,23:00:00 21-Jan-2020,,,,105.5,0.75,132.0,1.75,23.6,0.00,24.8,0.00,,,
196385,196385,0.500000,Transmission,MiniPAT,2,23:00:00 21-Jan-2020,00:00:00 22-Jan-2020,,,,63.5,0.75,128.0,1.75,23.7,0.00,24.8,0.00,,,
196385,196385,0.500000,Transmission,MiniPAT,1,00:00:00 22-Jan-2020,01:00:00 22-Jan-2020,,,,36.5,0.25,66.0,0.75,24.5,0.00,24.8,0.00,,,
196385,196385,0.500000,Transmission,MiniPAT,1,01:00:00 22-Jan-2020,02:00:00 22-Jan-2020,,,,,,,,24.5,0.00,24.6,0.00,,,
196385,196385,0.500000,Transmission,MiniPAT,2,02:00:00 22-Jan-2020,03:00:00 22-Jan-2020,,,,89.5,0.75,108.0,0.75,24.3,0.00,24.6,0.00,,,
196385,196385,0.500000,Transmission,MiniPAT,2,03:00:00 22-Jan-2020,04:00:00 22-Jan-2020,,,,87.5,0.75,249.0,2.75,22.0,0.00,24.6,0.00,,,
196385,196385,0.500000,Transmission,MiniPAT,1,04:00:00 22-Jan-2020,05:00:00 22-Jan-2020,,,,231.5,1.75,256.0,3.75,21.9,0.00,22.1,0.00,,,
196385,196385,0.500000,Transmission,MiniPAT,1,06:00:00 22-Jan-2020,07:00:00 22-Jan-2020,,,,,,,,22.0,0.00,22.1,0.00,,,
196385,196385,0.500000,Transmission,MiniPAT,1,07:00:00 22-Jan-2020,08:00:00 22-Jan-2020,,,,243.5,1.75,272.0,3.75,21.9,0.00,22.1,0.00,,,
196385,196385,0.500000,Transmission,MiniPAT,1,08:00:00 22-Jan-2020,09:00:00 22-Jan-2020,,,,243.5,1.75,264.0,3.75,,,,,,,
196385,196385,0.500000,Transmission,MiniPAT,1,10:00:00 22-Jan-2020,11:00:00 22-Jan-2020,,,,239.5,1.75,304.0,3.75,,,,,,,
196385,196385,0.500000,Transmission,MiniPAT,1,11:00:00 22-Jan-2020,12:00:00 22-Jan-2020,,,,235.5,1.75,280.0,3.75,21.9,0.00,22.1,0.00,,,
196385,196385,0.500000,Transmission,MiniPAT,1,12:00:00 22-Jan-2020,13:00:00 22-Jan-2020,,,,243.5,1.75,272.0,3.75,,,,,,,
196385,196385,0.500000,Transmission,MiniPAT,1,18:00:00 22-Jan-2020,19:00:00 22-Jan-2020,,,,,,,,24.3,0.00,24.4,0.00,,,
196385,196385,0.500000,Transmission,MiniPAT,1,19:00:00 22-Jan-2020,20:00:00 22-Jan-2020,,,,44.5,0.25,82.0,0.75,24.3,0.00,24.5,0.00,,,
196385,196385,0.500000,Transmission,MiniPAT,4,20:00:00 22-Jan-2020,21:00:00 22-Jan-2020,,,,48.5,0.25,92.0,0.75,23.8,0.00,24.5,0.00,,,
196385,196385,0.500000,Transmission,MiniPAT,3,21:00:00 22-Jan-2020,22:00:00 22-Jan-2020,,,,71.5,0.75,94.0,0.75,23.8,0.00,24.6,0.00,,,
196385,196385,0.500000,Transmission,MiniPAT,2,22:00:00 22-Jan-2020,23:00:00 22-Jan-2020,,,,69.5,0.75,120.5,1.25,,,,,,,
196385,196385,0.500000,Transmission,MiniPAT,1,23:00:00 22-Jan-2020,00:00:00 23-Jan-2020,,,,77.5,0.75,96.0,0.75,23.7,0.00,24.4,0.00,,,
196385,196385,0.500000,Transmission,MiniPAT,1,00:00:00 23-Jan-2020,01:00:00 23-Jan-2020,,,,59.5,0.75,86.0,0.75,24.2,0.00,24.5,0.00,,,
196385,196385,0.500000,Transmission,MiniPAT,2,01:00:00 23-Jan-2020,02:00:00 23-Jan-2020,,,,54.5,0.25,80.0,0.75,24.4,0.00,24.6,0.00,,,
196385,196385,0.500000,Transmission,MiniPAT,1,02:00:00 23-Jan-2020,03:00:00 23-Jan-2020,,,,40.5,0.25,86.0,0.75,24.0,0.00,24.6,0.00,,,
196385,196385,0.500000,Transmission,MiniPAT,3,03:00:00 23-Jan-2020,04:00:00 23-Jan-2020,,,,77.5,0.75,232.0,1.75,22.0,0.00,24.3,0.00,,,
196385,196385,0.500000,Transmission,MiniPAT,2,04:00:00 23-Jan-2020,05:00:00 23-Jan-2020,,,,207.5,1.75,244.0,1.75,21.9,0.00,22.3,0.00,,,
196385,196385,0.500000,Transmission,MiniPAT,4,05:00:00 23-Jan-2020,06:00:00 23-Jan-2020,,,,207.5,1.75,240.0,1.75,21.9,0.00,22.1,0.00,,,
196385,196385,0.500000,Transmission,MiniPAT,4,06:00:00 23-Jan-2020,07:00:00 23-Jan-2020,,,,231.5,1.75,249.0,2.75,21.9,0.00,22.0,0.00,,,
196385,196385,0.500000,Transmission,MiniPAT,4,07:00:00 23-Jan-2020,08:00:00 23-Jan-2020,,,,227.5,1.75,256.0,3.75,21.9,0.00,22.0,0.00,,,
196385,196385,0.500000,Transmission,MiniPAT,3,08:00:00 23-Jan-2020,09:00:00 23-Jan-2020,,,,227.5,1.75,244.0,1.75,21.9,0.00,22.0,0.00,,,
196385,196385,0.500000,Transmission,MiniPAT,1,09:00:00 23-Jan-2020,10:00:00 23-Jan-2020,,,,223.5,1.75,249.0,2.75,21.9,0.00,22.1,0.00,,,
196385,196385,0.500000,Transmission,MiniPAT,1,10:00:00 23-Jan-2020,11:00:00 23-Jan-2020,,,,223.5,1.75,264.0,3.75,21.9,0.00,22.0,0.00,,,
196385,196385,0.500000,Transmission,MiniPAT,1,11:00:00 23-Jan-2020,12:00:00 23-Jan-2020,,,,227.5,1.75,249.0,2.75,21.8,0.00,22.0,0.00,,,
196385,196385,0.500000,Transmission,MiniPAT,3,12:00:00 23-Jan-2020,13:00:00 23-Jan-2020,,,,219.5,1.75,256.0,3.75,21.8,0.00,22.0,0.00,,,
196385,196385,0.500000,Transmission,MiniPAT,3,13:00:00 23-Jan-2020,14:00:00 23-Jan-2020,,,,211.5,1.75,272.0,3.75,21.8,0.00,22.0,0.00,,,
196385,196385,0.500000,Transmission,MiniPAT,3,14:00:00 23-Jan-2020,15:00:00 23-Jan-2020,,,,207.5,1.75,240.0,1.75,21.9,0.00,22.1,0.00,,,
196385,196385,0.500000,Transmission,MiniPAT,3,15:00:00 23-Jan-2020,16:00:00 23-Jan-2020,,,,113.5,0.75,249.0,2.75,21.9,0.00,22.8,0.00,,,
196385,196385,0.500000,Transmission,MiniPAT,4,16:00:00 23-Jan-2020,17:00:00 23-Jan-2020,,,,35.5,0.25,114.0,0.75,22.8,0.00,25.0,0.00,,,
196385,196385,0.500000,Transmission,MiniPAT,2,17:00:00 23-Jan-2020,18:00:00 23-Jan-2020,,,,37.5,0.25,80.0,0.75,23.7,0.00,25.0,0.00,,,
196385,196385,0.500000,Transmission,MiniPAT,1,18:00:00 23-Jan-2020,19:00:00 23-Jan-2020,,,,44.5,0.25,68.0,0.75,24.2,0.00,24.8,0.00,,,
196385,196385,0.500000,Transmission,MiniPAT,2,20:00:00 23-Jan-2020,21:00:00 23-Jan-2020,,,,45.5,0.25,74.0,0.75,23.9,0.00,24.8,0.00,,,
196385,196385,0.500000,Transmission,MiniPAT,1,21:00:00 23-Jan-2020,22:00:00 23-Jan-2020,,,,45.5,0.25,80.0,0.75,23.6,0.00,24.6,0.00,,,
196385,196385,0.500000,Transmission,MiniPAT,2,22:00:00 23-Jan-2020,23:00:00 23-Jan-2020,,,,26.5,0.25,64.0,0.75,,,,,,,
196385,196385,0.500000,Transmission,MiniPAT,1,23:00:00 23-Jan-2020,00:00:00 24-Jan-2020,,,,46.5,0.25,90.0,0.75,,,,,,,
196385,196385,0.500000,Transmission,MiniPAT,1,00:00:00 24-Jan-2020,01:00:00 24-Jan-2020,,,,,,,,23.7,0.00,24.4,0.00,,,
196385,196385,0.500000,Transmission,MiniPAT,1,01:00:00 24-Jan-2020,02:00:00 24-Jan-2020,,,,51.5,0.25,88.0,0.75,23.5,0.00,24.4,0.00,,,
196385,196385,0.500000,Transmission,MiniPAT,1,02:00:00 24-Jan-2020,03:00:00 24-Jan-2020,,,,44.5,0.25,72.0,0.75,24.3,0.00,24.9,0.00,,,
196385,196385,0.500000,Transmission,MiniPAT,1,03:00:00 24-Jan-2020,04:00:00 24-Jan-2020,,,,43.5,0.25,256.0,3.75,21.9,0.00,25.0,0.00,,,
196385,196385,0.500000,Transmission,MiniPAT,4,04:00:00 24-Jan-2020,05:00:00 24-Jan-2020,,,,248.5,2.75,272.0,3.75,21.8,0.00,22.0,0.00,,,
196385,196385,0.500000,Transmission,MiniPAT,3,05:00:00 24-Jan-2020,06:00:00 24-Jan-2020,,,,235.5,1.75,264.0,3.75,21.9,0.00,22.1,0.00,,,
196385,196385,0.500000,Transmission,MiniPAT,2,06:00:00 24-Jan-2020,07:00:00 24-Jan-2020,,,,243.5,1.75,264.0,3.75,21.9,0.00,22.0,0.00,,,
196385,196385,0.500000,Transmission,MiniPAT,2,07:00:00 24-Jan-2020,08:00:00 24-Jan-2020,,,,248.5,2.75,272.0,3.75,,,,,,,
196385,196385,0.500000,Transmission,MiniPAT,1,09:00:00 24-Jan-2020,10:00:00 24-Jan-2020,,,,239.5,1.75,272.0,3.75,21.9,0.00,22.0,0.00,,,
196385,196385,0.500000,Transmission,MiniPAT,2,10:00:00 24-Jan-2020,11:00:00 24-Jan-2020,,,,235.5,1.75,272.0,3.75,21.8,0.00,22.0,0.00,,,
196385,196385,0.500000,Transmission,MiniPAT,1,11:00:00 24-Jan-2020,12:00:00 24-Jan-2020,,,,227.5,1.75,280.0,3.75,21.9,0.00,22.1,0.00,,,
196385,196385,0.500000,Transmission,MiniPAT,2,12:00:00 24-Jan-2020,13:00:00 24-Jan-2020,,,,219.5,1.75,280.0,3.75,21.9,0.00,22.1,0.00,,,
196385,196385,0.500000,Transmission,MiniPAT,1,13:00:00 24-Jan-2020,14:00:00 24-Jan-2020,,,,223.5,1.75,296.0,3.75,21.8,0.00,22.1,0.00,,,
196385,196385,0.500000,Transmission,MiniPAT,2,14:00:00 24-Jan-2020,15:00:00 24-Jan-2020,,,,231.5,1.75,272.0,3.75,21.9,0.00,22.1,0.00,,,
196385,196385,0.500000,Transmission,MiniPAT,2,15:00:00 24-Jan-2020,16:00:00 24-Jan-2020,,,,123.5,1.75,296.0,3.75,21.8,0.00,22.8,0.00,,,
196385,196385,0.500000,Transmission,MiniPAT,3,16:00:00 24-Jan-2020,17:00:00 24-Jan-2020,,,,57.5,0.75,128.0,1.75,22.7,0.00,25.0,0.00,,,
196385,196385,0.500000,Transmission,MiniPAT,1,19:00:00 24-Jan-2020,20:00:00 24-Jan-2020,,,,61.5,0.75,78.0,0.75,24.7,0.00,25.0,0.00,,,
196385,196385,0.500000,Transmission,MiniPAT,1,20:00:00 24-Jan-2020,21:00:00 24-Jan-2020,,,,49.5,0.25,96.0,0.75,,,,,,,
196385,196385,0.500000,Transmission,MiniPAT,2,21:00:00 24-Jan-2020,22:00:00 24-Jan-2020,,,,71.5,0.75,96.0,0.75,24.0,0.00,24.9,0.00,,,
196385,196385,0.500000,Transmission,MiniPAT,1,22:00:00 24-Jan-2020,23:00:00 24-Jan-2020,,,,39.5,0.25,98.0,0.75,24.0,0.00,25.0,0.00,,,
196385,196385,0.500000,Transmission,MiniPAT,2,23:00:00 24-Jan-2020,00:00:00 25-Jan-2020,,,,49.5,0.25,92.0,0.75,,,,,,,
196385,196385,0.500000,Transmission,MiniPAT,2,01:00:00 25-Jan-2020,02:00:00 25-Jan-2020,,,,,,,,22.6,0.00,25.0,0.00,,,
196385,196385,0.500000,Transmission,MiniPAT,1,02:00:00 25-Jan-2020,03:00:00 25-Jan-2020,,,,103.5,0.75,156.0,1.75,22.6,0.00,24.0,0.00,,,
196385,196385,0.500000,Transmission,MiniPAT,1,03:00:00 25-Jan-2020,04:00:00 25-Jan-2020,,,,,,,,22.2,0.00,25.0,0.00,,,
196385,196385,0.500000,Transmission,MiniPAT,2,07:00:00 25-Jan-2020,08:00:00 25-Jan-2020,,,,243.5,1.75,280.0,3.75,21.9,0.00,22.1,0.00,,,
196385,196385,0.500000,Transmission,MiniPAT,1,08:00:00 25-Jan-2020,09:00:00 25-Jan-2020,,,,248.5,2.75,280.0,3.75,21.9,0.00,22.1,0.00,,,
196385,196385,0.500000,Transmission,MiniPAT,1,11:00:00 25-Jan-2020,12:00:00 25-Jan-2020,,,,203.5,1.75,249.0,2.75,22.0,0.00,22.4,0.00,,,
196385,196385,0.500000,Transmission,MiniPAT,1,12:00:00 25-Jan-2020,13:00:00 25-Jan-2020,,,,203.5,1.75,240.0,1.75,22.0,0.00,22.4,0.00,,,
196385,196385,0.500000,Transmission,MiniPAT,2,13:00:00 25-Jan-2020,14:00:00 25-Jan-2020,,,,203.5,1.75,224.0,1.75,22.2,0.00,22.4,0.00,,,
196385,196385,0.500000,Transmission,MiniPAT,2,14:00:00 25-Jan-2020,15:00:00 25-Jan-2020,,,,203.5,1.75,320.0,3.75,21.8,0.00,22.5,0.00,,,
196385,196385,0.500000,Transmission,MiniPAT,3,15:00:00 25-Jan-2020,16:00:00 25-Jan-2020,,,,123.5,1.75,304.0,3.75,21.8,0.00,23.8,0.00,,,
196385,196385,0.500000,Transmission,MiniPAT,3,16:00:00 25-Jan-2020,17:00:00 25-Jan-2020,,,,95.5,0.75,128.0,1.75,23.5,0.00,24.8,0.00,,,
196385,196385,0.500000,Transmission,MiniPAT,1,17:00:00 25-Jan-2020,18:00:00 25-Jan-2020,,,,67.5,0.75,124.0,1.75,23.9,0.00,24.9,0.00,,,
196385,196385,0.500000,Transmission,MiniPAT,1,18:00:00 25-Jan-2020,19:00:00 25-Jan-2020,,,,85.5,0.75,128.0,1.75,23.9,0.00,24.9,0.00,,,
196385,196385,0.500000,Transmission,MiniPAT,2,19:00:00 25-Jan-2020,20:00:00 25-Jan-2020,,,,87.5,0.75,152.0,1.75,23.0,0.00,24.9,0.00,,,
196385,196385,0.500000,Transmission,MiniPAT,1,20:00:00 25-Jan-2020,21:00:00 25-Jan-2020,,,,93.5,0.75,188.0,1.75,,,,,,,
196385,196385,0.500000,Transmission,MiniPAT,1,21:00:00 25-Jan-2020,22:00:00 25-Jan-2020,,,,97.5,0.75,220.0,1.75,22.3,0.00,24.9,0.00,,,
196385,196385,0.500000,Transmission,MiniPAT,2,22:00:00 25-Jan-2020,23:00:00 25-Jan-2020,,,,77.5,0.75,152.0,1.75,23.1,0.00,24.9,0.00,,,
196385,196385,0.500000,Transmission,MiniPAT,3,23:00:00 25-Jan-2020,00:00:00 26-Jan-2020,,,,105.5,0.75,212.0,1.75,22.3,0.00,24.9,0.00,,,
196385,196385,0.500000,Transmission,MiniPAT,5,00:00:00 26-Jan-2020,01:00:00 26-Jan-2020,,,,113.5,0.75,216.0,1.75,22.3,0.00,24.6,0.00,,,
196385,196385,0.500000,Transmission,MiniPAT,2,01:00:00 26-Jan-2020,02:00:00 26-Jan-2020,,,,109.5,0.75,188.0,1.75,22.5,0.00,24.8,0.00,,,
196385,196385,0.500000,Transmission,MiniPAT,1,02:00:00 26-Jan-2020,03:00:00 26-Jan-2020,,,,105.5,0.75,172.0,1.75,,,,,,,
196385,196385,0.500000,Transmission,MiniPAT,1,03:00:00 26-Jan-2020,04:00:00 26-Jan-2020,,,,,,,,22.6,0.00,24.8,0.00,,,
196385,196385,0.500000,Transmission,MiniPAT,1,04:00:00 26-Jan-2020,05:00:00 26-Jan-2020,,,,195.5,1.75,228.0,1.75,,,,,,,
196385,196385,0.500000,Transmission,MiniPAT,4,05:00:00 26-Jan-2020,06:00:00 26-Jan-2020,,,,195.5,1.75,240.0,1.75,22.3,0.00,22.6,0.00,,,
196385,196385,0.500000,Transmission,MiniPAT,5,06:00:00 26-Jan-2020,07:00:00 26-Jan-2020,,,,219.5,1.75,272.0,3.75,21.9,0.00,22.4,0.00,,,
196385,196385,0.500000,Transmission,MiniPAT,3,07:00:00 26-Jan-2020,08:00:00 26-Jan-2020,,,,155.5,1.75,240.0,1.75,22.2,0.00,22.8,0.00,,,
196385,196385,0.500000,Transmission,MiniPAT,2,08:00:00 26-Jan-2020,09:00:00 26-Jan-2020,,,,219.5,1.75,272.0,3.75,,,,,,,
196385,196385,0.500000,Transmission,MiniPAT,1,09:00:00 26-Jan-2020,10:00:00 26-Jan-2020,,,,,,,,22.0,0.00,22.4,0.00,,,
196385,196385,0.500000,Transmission,MiniPAT,1,10:00:00 26-Jan-2020,11:00:00 26-Jan-2020,,,,,,,,22.1,0.00,22.4,0.00,,,
196385,196385,0.500000,Transmission,MiniPAT,1,11:00:00 26-Jan-2020,12:00:00 26-Jan-2020,,,,191.5,1.75,236.0,1.75,22.0,0.00,22.4,0.00,,,
196385,196385,0.500000,Transmission,MiniPAT,1,12:00:00 26-Jan-2020,13:00:00 26-Jan-2020,,,,191.5,1.75,228.0,1.75,22.1,0.00,22.3,0.00,,,
196385,196385,0.500000,Transmission,MiniPAT,1,13:00:00 26-Jan-2020,14:00:00 26-Jan-2020,,,,95.5,0.75,196.0,1.75,22.3,0.00,24.5,0.00,,,
196385,196385,0.500000,Transmission,MiniPAT,1,15:00:00 26-Jan-2020,16:00:00 26-Jan-2020,,,,147.5,1.75,228.0,1.75,,,,,,,
196385,196385,0.500000,Transmission,MiniPAT,2,16:00:00 26-Jan-2020,17:00:00 26-Jan-2020,,,,75.5,0.75,152.0,1.75,22.6,0.00,24.8,0.00,,,
196385,196385,0.500000,Transmission,MiniPAT,1,17:00:00 26-Jan-2020,18:00:00 26-Jan-2020,,,,81.5,0.75,114.0,0.75,,,,,,,
196385,196385,0.500000,Transmission,MiniPAT,1,19:00:00 26-Jan-2020,20:00:00 26-Jan-2020,,,,,,,,23.1,0.00,24.6,0.00,,,
196385,196385,0.500000,Transmission,MiniPAT,1,20:00:00 26-Jan-2020,21:00:00 26-Jan-2020,,,,93.5,0.75,148.0,1.75,22.6,0.00,24.3,0.00,,,
196385,196385,0.500000,Transmission,MiniPAT,2,21:00:00 26-Jan-2020,22:00:00 26-Jan-2020,,,,69.5,0.75,140.0,1.75,22.6,0.00,24.5,0.00,,,
196385,196385,0.500000,Transmission,MiniPAT,2,23:00:00 26-Jan-2020,00:00:00 27-Jan-2020,,,,113.5,0.75,156.0,1.75,22.5,0.00,22.9,0.00,,,
196385,196385,0.500000,Transmission,MiniPAT,3,00:00:00 27-Jan-2020,01:00:00 27-Jan-2020,,,,69.5,0.75,116.0,0.75,22.8,0.00,24.3,0.00,,,
196385,196385,0.500000,Transmission,MiniPAT,3,01:00:00 27-Jan-2020,02:00:00 27-Jan-2020,,,,77.5,0.75,112.0,0.75,,,,,,,
196385,196385,0.500000,Transmission,MiniPAT,1,03:00:00 27-Jan-2020,04:00:00 27-Jan-2020,,,,95.5,0.75,236.0,1.75,,,,,,,
196385,196385,0.500000,Transmission,MiniPAT,1,06:00:00 27-Jan-2020,07:00:00 27-Jan-2020,,,,,,,,21.9,0.00,22.1,0.00,,,
196385,196385,0.500000,Transmission,MiniPAT,1,07:00:00 27-Jan-2020,08:00:00 27-Jan-2020,,,,,,,,21.9,0.00,22.3,0.00,,,
196385,196385,0.500000,Transmission,MiniPAT,1,08:00:00 27-Jan-2020,09:00:00 27-Jan-2020,,,,191.5,1.75,212.0,1.75,22.1,0.00,22.3,0.00,,,
196385,196385,0.500000,Transmission,MiniPAT,3,09:00:00 27-Jan-2020,10:00:00 27-Jan-2020,,,,195.5,1.75,212.0,1.75,22.1,0.00,22.3,0.00,,,
196385,196385,0.500000,Transmission,MiniPAT,1,10:00:00 27-Jan-2020,11:00:00 27-Jan-2020,,,,203.5,1.75,220.0,1.75,22.0,0.00,22.3,0.00,,,
196385,196385,0.500000,Transmission,MiniPAT,1,15:00:00 27-Jan-2020,16:00:00 27-Jan-2020,,,,127.5,1.75,224.0,1.75,22.1,0.00,22.8,0.00,,,
196385,196385,0.500000,Transmission,MiniPAT,2,16:00:00 27-Jan-2020,17:00:00 27-Jan-2020,,,,81.5,0.75,132.0,1.75,22.8,0.00,24.3,0.00,,,
196385,196385,0.500000,Transmission,MiniPAT,2,17:00:00 27-Jan-2020,18:00:00 27-Jan-2020,,,,,,,,22.8,0.00,24.1,0.00,,,
196385,196385,0.500000,Transmission,MiniPAT,2,18:00:00 27-Jan-2020,19:00:00 27-Jan-2020,,,,77.5,0.75,106.0,0.75,23.4,0.00,24.1,0.00,,,
196385,196385,0.500000,Transmission,MiniPAT,2,19:00:00 27-Jan-2020,20:00:00 27-Jan-2020,,,,,,,,22.7,0.00,24.1,0.00,,,
196385,196385,0.500000,Transmission,MiniPAT,1,20:00:00 27-Jan-2020,21:00:00 27-Jan-2020,,,,79.5,0.75,128.0,1.75,,,,,,,
196385,196385,0.500000,Transmission,MiniPAT,2,21:00:00 27-Jan-2020,22:00:00 27-Jan-2020,,,,73.5,0.75,132.0,1.75,22.6,0.00,23.8,0.00,,,
196385,196385,0.500000,Transmission,MiniPAT,2,22:00:00 27-Jan-2020,23:00:00 27-Jan-2020,,,,61.5,0.75,88.0,0.75,23.5,0.00,24.0,0.00,,,
196385,196385,0.500000,Transmission,MiniPAT,1,23:00:00 27-Jan-2020,00:00:00 28-Jan-2020,,,,45.5,0.25,94.0,0.75,,,,,,,
196385,196385,0.500000,Transmission,MiniPAT,1,02:00:00 28-Jan-2020,03:00:00 28-Jan-2020,,,,77.5,0.75,106.0,0.75,23.5,0.00,23.9,0.00,,,
196385,196385,0.500000,Transmission,MiniPAT,1,03:00:00 28-Jan-2020,04:00:00 28-Jan-2020,,,,81.5,0.75,228.0,1.75,22.0,0.00,23.9,0.00,,,
196385,196385,0.500000,Transmission,MiniPAT,1,04:00:00 28-Jan-2020,05:00:00 28-Jan-2020,,,,175.5,1.75,232.0,1.75,22.0,0.00,22.4,0.00,,,
196385,196385,0.500000,Transmission,MiniPAT,3,05:00:00 28-Jan-2020,06:00:00 28-Jan-2020,,,,175.5,1.75,208.0,1.75,22.2,0.00,22.4,0.00,,,
196385,196385,0.500000,Transmission,MiniPAT,2,06:00:00 28-Jan-2020,07:00:00 28-Jan-2020,,,,199.5,1.75,212.0,1.75,22.2,0.00,22.3,0.00,,,
196385,196385,0.500000,Transmission,MiniPAT,3,07:00:00 28-Jan-2020,08:00:00 28-Jan-2020,,,,191.5,1.75,220.0,1.75,22.2,0.00,22.4,0.00,,,
196385,196385,0.500000,Transmission,MiniPAT,1,08:00:00 28-Jan-2020,09:00:00 28-Jan-2020,,,,195.5,1.75,228.0,1.75,,,,,,,
196385,196385,0.500000,Transmission,MiniPAT,1,09:00:00 28-Jan-2020,10:00:00 28-Jan-2020,,,,,,,,22.2,0.00,23.9,0.00,,,
196385,196385,0.500000,Transmission,MiniPAT,2,10:00:00 28-Jan-2020,11:00:00 28-Jan-2020,,,,131.5,1.75,228.0,1.75,22.2,0.00,23.3,0.00,,,
196385,196385,0.500000,Transmission,MiniPAT,2,11:00:00 28-Jan-2020,12:00:00 28-Jan-2020,,,,120.0,1.25,204.0,1.75,22.4,0.00,24.3,0.00,,,
196385,196385,0.500000,Transmission,MiniPAT,1,12:00:00 28-Jan-2020,13:00:00 28-Jan-2020,,,,187.5,1.75,256.0,3.75,22.1,0.00,22.5,0.00,,,
196385,196385,0.500000,Transmission,MiniPAT,1,13:00:00 28-Jan-2020,14:00:00 28-Jan-2020,,,,163.5,1.75,236.0,1.75,22.1,0.00,22.8,0.00,,,
196385,196385,0.500000,Transmission,MiniPAT,5,14:00:00 28-Jan-2020,15:00:00 28-Jan-2020,,,,147.5,1.75,180.0,1.75,22.5,0.00,22.8,0.00,,,
196385,196385,0.500000,Transmission,MiniPAT,1,15:00:00 28-Jan-2020,16:00:00 28-Jan-2020,,,,139.5,1.75,220.0,1.75,22.2,0.00,23.6,0.00,,,
196385,196385,0.500000,Transmission,MiniPAT,3,16:00:00 28-Jan-2020,17:00:00 28-Jan-2020,,,,101.5,0.75,144.0,1.75,23.6,0.00,24.8,0.00,,,
196385,196385,0.500000,Transmission,MiniPAT,3,17:00:00 28-Jan-2020,18:00:00 28-Jan-2020,,,,83.5,0.75,128.0,1.75,24.3,0.00,24.8,0.00,,,
196385,196385,0.500000,Transmission,MiniPAT,4,18:00:00 28-Jan-2020,19:00:00 28-Jan-2020,,,,77.5,0.75,120.5,1.25,24.4,0.00,24.8,0.00,,,
196385,196385,0.500000,Transmission,MiniPAT,3,19:00:00 28-Jan-2020,20:00:00 28-Jan-2020,,,,79.5,0.75,116.0,0.75,24.4,0.00,24.8,0.00,,,
196385,196385,0.500000,Transmission,MiniPAT,3,20:00:00 28-Jan-2020,21:00:00 28-Jan-2020,,,,91.5,0.75,118.0,0.75,24.3,0.00,24.8,0.00,,,
196385,196385,0.500000,Transmission,MiniPAT,3,21:00:00 28-Jan-2020,22:00:00 28-Jan-2020,,,,83.5,0.75,120.5,1.25,24.5,0.00,24.8,0.00,,,
196385,196385,0.500000,Transmission,MiniPAT,1,22:00:00 28-Jan-2020,23:00:00 28-Jan-2020,,,,113.5,0.75,144.0,1.75,24.2,0.00,24.6,0.00,,,
196385,196385,0.500000,Transmission,MiniPAT,1,23:00:00 28-Jan-2020,00:00:00 29-Jan-2020,,,,109.5,0.75,152.0,1.75,,,,,,,
196385,196385,0.500000,Transmission,MiniPAT,1,00:00:00 29-Jan-2020,01:00:00 29-Jan-2020,,,,97.5,0.75,224.0,1.75,22.3,0.00,24.8,0.00,,,
196385,196385,0.500000,Transmission,MiniPAT,1,01:00:00 29-Jan-2020,02:00:00 29-Jan-2020,,,,127.5,1.75,224.0,1.75,22.3,0.00,24.5,0.00,,,
196385,196385,0.500000,Transmission,MiniPAT,1,02:00:00 29-Jan-2020,03:00:00 29-Jan-2020,,,,117.5,0.75,204.0,1.75,22.4,0.00,24.5,0.00,,,
196385,196385,0.500000,Transmission,MiniPAT,2,03:00:00 29-Jan-2020,04:00:00 29-Jan-2020,,,,,,,,21.9,0.00,24.5,0.00,,,
196385,196385,0.500000,Transmission,MiniPAT,2,04:00:00 29-Jan-2020,05:00:00 29-Jan-2020,,,,183.5,1.75,256.0,3.75,22.1,0.00,22.6,0.00,,,
196385,196385,0.500000,Transmission,MiniPAT,3,05:00:00 29-Jan-2020,06:00:00 29-Jan-2020,,,,131.5,1.75,204.0,1.75,22.5,0.00,24.4,0.00,,,
196385,196385,0.500000,Transmission,MiniPAT,3,06:00:00 29-Jan-2020,07:00:00 29-Jan-2020,,,,131.5,1.75,172.0,1.75,22.8,0.00,24.4,0.00,,,
196385,196385,0.500000,Transmission,MiniPAT,2,07:00:00 29-Jan-2020,08:00:00 29-Jan-2020,,,,167.5,1.75,180.0,1.75,22.6,0.00,22.8,0.00,,,
196385,196385,0.500000,Transmission,MiniPAT,1,09:00:00 29-Jan-2020,10:00:00 29-Jan-2020,,,,127.5,1.75,160.0,1.75,,,,,,,
196385,196385,0.500000,Transmission,MiniPAT,1,12:00:00 29-Jan-2020,13:00:00 29-Jan-2020,,,,131.5,1.75,196.0,1.75,,,,,,,
196385,196385,0.500000,Transmission,MiniPAT,2,14:00:00 29-Jan-2020,15:00:00 29-Jan-2020,,,,120.0,1.25,172.0,1.75,22.5,0.00,24.1,0.00,,,
196385,196385,0.500000,Transmission,MiniPAT,3,15:00:00 29-Jan-2020,16:00:00 29-Jan-2020,,,,113.5,0.75,249.0,2.75,22.1,0.00,23.9,0.00,,,
196385,196385,0.500000,Transmission,MiniPAT,1,16:00:00 29-Jan-2020,17:00:00 29-Jan-2020,,,,107.5,0.75,224.0,1.75,22.2,0.00,24.1,0.00,,,
196385,196385,0.500000,Transmission,MiniPAT,4,17:00:00 29-Jan-2020,18:00:00 29-Jan-2020,,,,77.5,0.75,200.0,1.75,22.4,0.00,24.3,0.00,,,
196385,196385,0.500000,Transmission,MiniPAT,1,18:00:00 29-Jan-2020,19:00:00 29-Jan-2020,,,,127.5,1.75,196.0,1.75,,,,,,,
196385,196385,0.500000,Transmission,MiniPAT,1,19:00:00 29-Jan-2020,20:00:00 29-Jan-2020,,,,42.5,0.25,144.0,1.75,22.7,0.00,24.3,0.00,,,
196385,196385,0.500000,Transmission,MiniPAT,1,20:00:00 29-Jan-2020,21:00:00 29-Jan-2020,,,,,,,,23.1,0.00,24.1,0.00,,,
196385,196385,0.500000,Transmission,MiniPAT,2,21:00:00 29-Jan-2020,22:00:00 29-Jan-2020,,,,,,,,23.3,0.00,24.3,0.00,,,
196385,196385,0.500000,Transmission,MiniPAT,1,23:00:00 29-Jan-2020,00:00:00 30-Jan-2020,,,,14.0,0.00,43.0,0.25,23.9,0.00,24.3,0.00,,,
196385,196385,0.500000,Transmission,MiniPAT,6,00:00:00 30-Jan-2020,01:00:00 30-Jan-2020,,,,9.0,0.00,46.0,0.25,23.7,0.00,24.1,0.00,,,
196385,196385,0.500000,Transmission,MiniPAT,3,01:00:00 30-Jan-2020,02:00:00 30-Jan-2020,,,,14.5,0.00,82.0,0.75,23.6,0.00,23.8,0.00,,,
196385,196385,0.500000,Transmission,MiniPAT,2,02:00:00 30-Jan-2020,03:00:00 30-Jan-2020,,,,31.5,0.25,114.0,0.75,23.1,0.00,23.8,0.00,,,
196385,196385,0.500000,Transmission,MiniPAT,1,04:00:00 30-Jan-2020,05:00:00 30-Jan-2020,,,,,,,,21.6,0.00,21.9,0.00,,,
196385,196385,0.500000,Transmission,MiniPAT,1,05:00:00 30-Jan-2020,06:00:00 30-Jan-2020,,,,,,,,21.7,0.00,21.8,0.00,,,
196385,196385,0.500000,Transmission,MiniPAT,1,06:00:00 30-Jan-2020,07:00:00 30-Jan-2020,,,,631.5,7.75,664.0,7.75,,,,,,,
196385,196385,0.500000,Transmission,MiniPAT,1,08:00:00 30-Jan-2020,09:00:00 30-Jan-2020,,,,631.5,7.75,664.0,7.75,,,,,,,
196385,196385,0.500000,Transmission,MiniPAT,1,09:00:00 30-Jan-2020,10:00:00 30-Jan-2020,,,,631.5,7.75,664.0,7.75,,,,,,,
196385,196385,0.500000,Transmission,MiniPAT,2,10:00:00 30-Jan-2020,11:00:00 30-Jan-2020,,,,,,,,21.7,0.00,21.8,0.00,,,
196385,196385,0.500000,Transmission,MiniPAT,1,11:00:00 30-Jan-2020,12:00:00 30-Jan-2020,,,,631.5,7.75,664.0,7.75,21.7,0.00,21.8,0.00,,,
196385,196385,0.500000,Transmission,MiniPAT,1,12:00:00 30-Jan-2020,13:00:00 30-Jan-2020,,,,,,,,21.6,0.00,21.8,0.00,,,
196385,196385,0.500000,Transmission,MiniPAT,1,13:00:00 30-Jan-2020,14:00:00 30-Jan-2020,,,,631.5,7.75,664.0,7.75,,,,,,,
196385,196385,0.500000,Transmission,MiniPAT,2,14:00:00 30-Jan-2020,15:00:00 30-Jan-2020,,,,631.5,7.75,664.0,7.75,21.6,0.00,21.8,0.00,,,
196385,196385,0.500000,Transmission,MiniPAT,3,15:00:00 30-Jan-2020,16:00:00 30-Jan-2020,,,,631.5,7.75,664.0,7.75,21.6,0.00,21.8,0.00,,,
196385,196385,0.500000,Transmission,MiniPAT,2,16:00:00 30-Jan-2020,17:00:00 30-Jan-2020,,,,631.5,7.75,664.0,7.75,21.6,0.00,21.8,0.00,,,
196385,196385,0.500000,Transmission,MiniPAT,1,19:00:00 30-Jan-2020,20:00:00 30-Jan-2020,,,,631.5,7.75,664.0,7.75,,,,,,,
196385,196385,0.500000,Transmission,MiniPAT,1,20:00:00 30-Jan-2020,21:00:00 30-Jan-2020,,,,,,,,21.7,0.00,21.8,0.00,,,
196385,196385,0.500000,Transmission,MiniPAT,2,21:00:00 30-Jan-2020,22:00:00 30-Jan-2020,,,,631.5,7.75,664.0,7.75,21.6,0.00,21.8,0.00,,,
196385,196385,0.500000,Transmission,MiniPAT,1,22:00:00 30-Jan-2020,23:00:00 30-Jan-2020,,,,631.5,7.75,664.0,7.75,21.6,0.00,21.8,0.00,,,
196385,196385,0.500000,Transmission,MiniPAT,2,23:00:00 30-Jan-2020,00:00:00 31-Jan-2020,,,,,,,,21.6,0.00,21.8,0.00,,,
196385,196385,0.500000,Transmission,MiniPAT,3,00:00:00 31-Jan-2020,01:00:00 31-Jan-2020,,,,0.5,0.00,664.0,7.75,21.6,0.00,24.6,0.00,,,
196385,196385,0.500000,Transmission,MiniPAT,3,01:00:00 31-Jan-2020,02:00:00 31-Jan-2020,,,,0.5,0.00,2.5,0.00,24.4,0.00,24.5,0.00,,,
196385,196385,0.500000,Transmission,MiniPAT,2,02:00:00 31-Jan-2020,03:00:00 31-Jan-2020,,,,0.0,0.00,3.0,0.00,24.4,0.00,24.5,0.00,,,
196385,196385,0.500000,Transmission,MiniPAT,1,03:00:00 31-Jan-2020,04:00:00 31-Jan-2020,,,,0.5,0.00,2.5,0.00,24.4,0.00,24.5,0.00,,,
196385,196385,0.500000,Transmission,MiniPAT,2,04:00:00 31-Jan-2020,05:00:00 31-Jan-2020,,,,0.5,0.00,2.5,0.00,24.4,0.00,24.5,0.00,,,
196385,196385,0.500000,Transmission,MiniPAT,2,05:00:00 31-Jan-2020,06:00:00 31-Jan-2020,,,,0.5,0.00,2.5,0.00,24.4,0.00,24.5,0.00,,,
196385,196385,0.500000,Transmission,MiniPAT,2,06:00:00 31-Jan-2020,07:00:00 31-Jan-2020,,,,0.5,0.00,2.5,0.00,24.4,0.00,24.5,0.00,,,
196385,196385,0.500000,Transmission,MiniPAT,2,07:00:00 31-Jan-2020,08:00:00 31-Jan-2020,,,,0.5,0.00,2.5,0.00,24.4,0.00,24.6,0.00,,,
196385,196385,0.500000,Transmission,MiniPAT,2,08:00:00 31-Jan-2020,09:00:00 31-Jan-2020,,,,0.5,0.00,2.5,0.00,24.4,0.00,24.6,0.00,,,
196385,196385,0.500000,Transmission,MiniPAT,3,09:00:00 31-Jan-2020,10:00:00 31-Jan-2020,,,,0.5,0.00,2.5,0.00,24.5,0.00,24.6,0.00,,,
196385,196385,0.500000,Transmission,MiniPAT,4,10:00:00 31-Jan-2020,11:00:00 31-Jan-2020,,,,0.5,0.00,2.5,0.00,24.5,0.00,24.6,0.00,,,
196385,196385,0.500000,Transmission,MiniPAT,6,11:00:00 31-Jan-2020,12:00:00 31-Jan-2020,,,,,,,,24.5,0.00,24.6,0.00,,,
196385,196385,0.500000,Transmission,MiniPAT,4,12:00:00 31-Jan-2020,13:00:00 31-Jan-2020,,,,0.5,0.00,2.5,0.00,24.5,0.00,24.6,0.00,,,
196385,196385,0.500000,Transmission,MiniPAT,2,13:00:00 31-Jan-2020,14:00:00 31-Jan-2020,,,,0.5,0.00,2.5,0.00,24.5,0.00,24.6,0.00,,,
196385,196385,0.500000,Transmission,MiniPAT,1,15:00:00 31-Jan-2020,16:00:00 31-Jan-2020,,,,,,,,24.4,0.00,24.6,0.00,,,
196385,196385,0.500000,Transmission,MiniPAT,2,16:00:00 31-Jan-2020,17:00:00 31-Jan-2020,,,,0.5,0.00,2.5,0.00,24.4,0.00,24.6,0.00,,,
196385,196385,0.500000,Transmission,MiniPAT,1,17:00:00 31-Jan-2020,18:00:00 31-Jan-2020,,,,,,,,24.4,0.00,24.5,0.00,,,
196385,196385,0.500000,Transmission,MiniPAT,1,18:00:00 31-Jan-2020,19:00:00 31-Jan-2020,,,,0.5,0.00,2.5,0.00,24.4,0.00,24.5,0.00,,,
196385,196385,0.500000,Transmission,MiniPAT,1,19:00:00 31-Jan-2020,20:00:00 31-Jan-2020,,,,,,,,24.4,0.00,24.5,0.00,,,
196385,196385,0.500000,Transmission,MiniPAT,2,20:00:00 31-Jan-2020,21:00:00 31-Jan-2020,,,,0.0,0.00,2.5,0.00,24.4,0.00,24.5,0.00,,,
196385,196385,0.500000,Transmission,MiniPAT,2,21:00:00 31-Jan-2020,22:00:00 31-Jan-2020,,,,0.5,0.00,2.5,0.00,,,,,,,
196385,196385,0.500000,Transmission,MiniPAT,1,22:00:00 31-Jan-2020,23:00:00 31-Jan-2020,,,,,,,,24.3,0.00,24.5,0.00,,,
196385,196385,0.500000,Transmission,MiniPAT,1,23:00:00 31-Jan-2020,00:00:00 01-Feb-2020,,,,0.0,0.00,2.5,0.00,24.3,0.00,24.5,0.00,,,
196385,196385,0.500000,Transmission,MiniPAT,2,00:00:00 01-Feb-2020,01:00:00 01-Feb-2020,,,,0.5,0.00,3.0,0.00,24.3,0.00,24.5,0.00,,,
196385,196385,0.500000,Transmission,MiniPAT,4,01:00:00 01-Feb-2020,02:00:00 01-Feb-2020,,,,0.5,0.00,2.5,0.00,24.3,0.00,24.5,0.00,,,
196385,196385,0.500000,Transmission,MiniPAT,3,02:00:00 01-Feb-2020,03:00:00 01-Feb-2020,,,,0.0,0.00,2.5,0.00,24.3,0.00,24.5,0.00,,,
196385,196385,0.500000,Transmission,MiniPAT,2,03:00:00 01-Feb-2020,04:00:00 01-Feb-2020,,,,0.5,0.00,2.5,0.00,24.3,0.00,24.4,0.00,,,
196385,196385,0.500000,Transmission,MiniPAT,3,04:00:00 01-Feb-2020,05:00:00 01-Feb-2020,,,,,,,,24.3,0.00,24.4,0.00,,,
196385,196385,0.500000,Transmission,MiniPAT,2,05:00:00 01-Feb-2020,06:00:00 01-Feb-2020,,,,0.5,0.00,2.5,0.00,24.3,0.00,24.4,0.00,,,
196385,196385,0.500000,Transmission,MiniPAT,1,06:00:00 01-Feb-2020,07:00:00 01-Feb-2020,,,,0.5,0.00,2.5,0.00,24.3,0.00,24.5,0.00,,,
196385,196385,0.500000,Transmission,MiniPAT,1,07:00:00 01-Feb-2020,08:00:00 01-Feb-2020,,,,,,,,24.3,0.00,24.5,0.00,,,
196385,196385,0.500000,Transmission,MiniPAT,2,08:00:00 01-Feb-2020,09:00:00 01-Feb-2020,,,,0.5,0.00,2.5,0.00,24.3,0.00,24.5,0.00,,,
196385,196385,0.500000,Transmission,MiniPAT,2,09:00:00 01-Feb-2020,10:00:00 01-Feb-2020,,,,0.5,0.00,2.5,0.00,24.4,0.00,24.5,0.00,,,
196385,196385,0.500000,Transmission,MiniPAT,1,10:00:00 01-Feb-2020,11:00:00 01-Feb-2020,,,,0.5,0.00,2.5,0.00,24.4,0.00,24.5,0.00,,,
196385,196385,0.500000,Transmission,MiniPAT,2,11:00:00 01-Feb-2020,12:00:00 01-Feb-2020,,,,0.5,0.00,2.5,0.00,24.4,0.00,24.6,0.00,,,
196385,196385,0.500000,Transmission,MiniPAT,1,12:00:00 01-Feb-2020,13:00:00 01-Feb-2020,,,,0.5,0.00,2.5,0.00,24.3,0.00,24.5,0.00,,,
196385,196385,0.500000,Transmission,MiniPAT,1,14:00:00 01-Feb-2020,15:00:00 01-Feb-2020,,,,,,,,24.3,0.00,24.4,0.00,,,
196385,196385,0.500000,Transmission,MiniPAT,3,15:00:00 01-Feb-2020,16:00:00 01-Feb-2020,,,,0.5,0.00,2.5,0.00,24.2,0.00,24.4,0.00,,,
196385,196385,0.500000,Transmission,MiniPAT,2,16:00:00 01-Feb-2020,17:00:00 01-Feb-2020,,,,0.0,0.00,2.5,0.00,24.2,0.00,24.4,0.00,,,
196385,196385,0.500000,Transmission,MiniPAT,2,17:00:00 01-Feb-2020,18:00:00 01-Feb-2020,,,,0.5,0.00,2.5,0.00,24.2,0.00,24.3,0.00,,,
196385,196385,0.500000,Transmission,MiniPAT,3,18:00:00 01-Feb-2020,19:00:00 01-Feb-2020,,,,0.0,0.00,2.5,0.00,24.1,0.00,24.3,0.00,,,
196385,196385,0.500000,Transmission,MiniPAT,1,19:00:00 01-Feb-2020,20:00:00 01-Feb-2020,,,,0.5,0.00,2.5,0.00,24.1,0.00,24.3,0.00,,,
196385,196385,0.500000,Transmission,MiniPAT,1,20:00:00 01-Feb-2020,21:00:00 01-Feb-2020,,,,0.5,0.00,2.5,0.00,24.1,0.00,24.3,0.00,,,
196385,196385,0.500000,Transmission,MiniPAT,1,21:00:00 01-Feb-2020,22:00:00 01-Feb-2020,,,,0.5,0.00,2.5,0.00,24.1,0.00,24.3,0.00,,,
196385,196385,0.500000,Transmission,MiniPAT,1,22:00:00 01-Feb-2020,23:00:00 01-Feb-2020,,,,,,,,24.1,0.00,24.3,0.00,,,
196385,196385,0.500000,Transmission,MiniPAT,1,23:00:00 01-Feb-2020,00:00:00 02-Feb-2020,,,,0.0,0.00,2.5,0.00,,,,,,,
196385,196385,0.500000,Transmission,MiniPAT,2,00:00:00 02-Feb-2020,01:00:00 02-Feb-2020,,,,0.5,0.00,3.5,0.00,24.0,0.00,24.3,0.00,,,
196385,196385,0.500000,Transmission,MiniPAT,1,01:00:00 02-Feb-2020,02:00:00 02-Feb-2020,,,,0.0,0.00,2.5,0.00,24.0,0.00,24.3,0.00,,,
196385,196385,0.500000,Transmission,MiniPAT,1,04:00:00 02-Feb-2020,05:00:00 02-Feb-2020,,,,,,,,24.0,0.00,24.1,0.00,,,
196385,196385,0.500000,Transmission,MiniPAT,2,05:00:00 02-Feb-2020,06:00:00 02-Feb-2020,,,,0.5,0.00,2.5,0.00,,,,,,,
196385,196385,0.500000,Transmission,MiniPAT,1,07:00:00 02-Feb-2020,08:00:00 02-Feb-2020,,,,,,,,24.0,0.00,24.3,0.00,,,
196385,196385,0.500000,Transmission,MiniPAT,1,08:00:00 02-Feb-2020,09:00:00 02-Feb-2020,,,,0.5,0.00,2.5,0.00,24.0,0.00,24.3,0.00,,,
196385,196385,0.500000,Transmission,MiniPAT,2,09:00:00 02-Feb-2020,10:00:00 02-Feb-2020,,,,,,,,24.1,0.00,24.3,0.00,,,
196385,196385,0.500000,Transmission,MiniPAT,2,10:00:00 02-Feb-2020,11:00:00 02-Feb-2020,,,,0.0,0.00,2.5,0.00,24.1,0.00,24.3,0.00,,,
196385,196385,0.500000,Transmission,MiniPAT,1,11:00:00 02-Feb-2020,12:00:00 02-Feb-2020,,,,0.5,0.00,2.5,0.00,,,,,,,
196385,196385,0.500000,Transmission,MiniPAT,1,12:00:00 02-Feb-2020,13:00:00 02-Feb-2020,,,,0.5,0.00,2.5,0.00,,,,,,,
196385,196385,0.500000,Transmission,MiniPAT,1,13:00:00 02-Feb-2020,14:00:00 02-Feb-2020,,,,0.5,0.00,2.5,0.00,24.1,0.00,24.4,0.00,,,
196385,196385,0.500000,Transmission,MiniPAT,4,14:00:00 02-Feb-2020,15:00:00 02-Feb-2020,,,,0.5,0.00,2.5,0.00,24.3,0.00,24.4,0.00,,,
196385,196385,0.500000,Transmission,MiniPAT,4,15:00:00 02-Feb-2020,16:00:00 02-Feb-2020,,,,0.0,0.00,2.5,0.00,24.2,0.00,24.4,0.00,,,
196385,196385,0.500000,Transmission,MiniPAT,2,16:00:00 02-Feb-2020,17:00:00 02-Feb-2020,,,,0.0,0.00,2.5,0.00,24.2,0.00,24.3,0.00,,,
196385,196385,0.500000,Transmission,MiniPAT,2,17:00:00 02-Feb-2020,18:00:00 02-Feb-2020,,,,0.0,0.00,2.5,0.00,24.2,0.00,24.3,0.00,,,
196385,196385,0.500000,Transmission,MiniPAT,2,18:00:00 02-Feb-2020,19:00:00 02-Feb-2020,,,,0.0,0.00,2.5,0.00,24.2,0.00,24.4,0.00,,,
196385,196385,0.500000,Transmission,MiniPAT,3,19:00:00 02-Feb-2020,20:00:00 02-Feb-2020,,,,0.0,0.00,2.5,0.00,24.2,0.00,24.4,0.00,,,
196385,196385,0.500000,Transmission,MiniPAT,2,20:00:00 02-Feb-2020,21:00:00 02-Feb-2020,,,,0.5,0.00,3.0,0.00,24.2,0.00,24.3,0.00,,,
196385,196385,0.500000,Transmission,MiniPAT,1,21:00:00 02-Feb-2020,22:00:00 02-Feb-2020,,,,0.0,0.00,3.0,0.00,,,,,,,
196385,196385,0.500000,Transmission,MiniPAT,5,23:00:00 02-Feb-2020,00:00:00 03-Feb-2020,,,,0.0,0.00,2.5,0.00,24.1,0.00,24.3,0.00,,,
196385,196385,0.500000,Transmission,MiniPAT,2,00:00:00 03-Feb-2020,01:00:00 03-Feb-2020,,,,0.0,0.00,2.5,0.00,24.1,0.00,24.3,0.00,,,
196385,196385,0.500000,Transmission,MiniPAT,3,01:00:00 03-Feb-2020,02:00:00 03-Feb-2020,,,,0.5,0.00,2.5,0.00,24.1,0.00,24.3,0.00,,,
