DeployID,Ptt,Instr,RecordType,MsgCount,Duplicates,Corrupt,AvgInterval,MinInterval,Date,Satellite,LocationQuality,Latitude,Longitude,Latitude2,Longitude2,IQ,Duration,Frequency,Power
196385,196385,MiniPAT,DS,6,0,2,98,60,02:34:28 03-Feb-2020,NP,1,21.8766,38.0536,17.1547,58.8662,56,,401677645,-122
196385,196385,MiniPAT,DS,4,0,2,140,60,02:52:06 03-Feb-2020,SR,3,21.8740,38.0528,23.5168,45.7953,66,,401677647,-124
196385,196385,MiniPAT,DS,3,0,2,182,125,04:15:11 03-Feb-2020,NP,A,21.8738,38.0519,27.9249,10.6587,8,,401677647,-125
196385,196385,MiniPAT,DS,3,0,2,152,59,04:21:46 03-Feb-2020,NK,A,21.8715,38.0443,18.8597,52.0011,8,,401677645,-124
196385,196385,MiniPAT,DS,3,0,1,120,120,04:31:23 03-Feb-2020,SR,A,21.8748,38.0472,13.2400,-2.0338,8,,401677648,-130
196385,196385,MiniPAT,DS,5,0,1,120,59,05:45:53 03-Feb-2020,MA,1,21.8763,38.0418,16.9362,61.0461,58,,401677647,-122
196385,196385,MiniPAT,DS,6,0,3,83,59,06:01:21 03-Feb-2020,NK,3,21.8801,38.0336,29.1120,4.1797,68,,401677647,-125
196385,196385,MiniPAT,DS,9,0,4,59,59,06:05:50 03-Feb-2020,NN,1,21.8779,38.0382,17.0899,59.3406,56,,401677647,-122
196385,196385,MiniPAT,DS,7,0,4,59,59,06:14:46 03-Feb-2020,MC,3,21.8777,38.0408,15.5650,66.9466,66,,401677648,-115
196385,196385,MiniPAT,DS,3,0,2,209,120,07:02:10 03-Feb-2020,MB,A,21.8774,38.0128,20.5181,44.2611,8,,401650000,-123
196385,196385,MiniPAT,DS,9,0,3,67,59,07:26:07 03-Feb-2020,MA,2,21.8758,38.0268,27.1714,12.9170,58,,401677646,-118
196385,196385,MiniPAT,DS,6,0,2,120,59,07:45:33 03-Feb-2020,NN,2,21.8744,38.0271,27.7815,11.2263,58,,401677647,-125
196385,196385,MiniPAT,DS,11,0,3,71,59,07:53:31 03-Feb-2020,MC,2,21.8785,38.0285,25.9942,18.9868,58,,401677647,-114
196385,196385,MiniPAT,DS,1,0,1,,,08:43:24 03-Feb-2020,MB,,,,,,,,401650000,-134
196385,196385,MiniPAT,DS,8,0,5,68,59,13:46:40 03-Feb-2020,NP,2,21.8712,37.9901,27.9692,65.5195,58,,401677646,-126
196385,196385,MiniPAT,DS,7,0,3,70,59,15:18:06 03-Feb-2020,SR,1,21.8687,37.9827,19.6085,48.6167,58,,401677648,-121
196385,196385,MiniPAT,DS,9,0,3,74,59,15:27:34 03-Feb-2020,NP,2,21.8679,37.9834,17.1068,17.4368,58,,401677647,-123
196385,196385,MiniPAT,DS,4,0,3,79,59,15:28:34 03-Feb-2020,NK,0,21.8694,37.9881,27.0906,62.6067,58,,401677645,-122
196385,196385,MiniPAT,DS,7,0,2,79,59,16:55:15 03-Feb-2020,SR,1,21.8556,37.9767,29.6433,0.9733,58,,401677649,-127
196385,196385,MiniPAT,DS,7,0,4,79,59,16:55:15 03-Feb-2020,MA,2,21.8570,37.9756,28.7249,70.7234,68,,401677648,-121
196385,196385,MiniPAT,DS,8,0,3,85,60,17:09:13 03-Feb-2020,NK,2,21.8553,37.9748,16.7234,14.5899,58,,401677648,-119
196385,196385,MiniPAT,DS,4,0,2,159,59,17:18:11 03-Feb-2020,NN,2,21.8583,37.9740,28.0502,66.2769,68,,401677646,-124
196385,196385,MiniPAT,DS,5,0,5,74,59,17:23:40 03-Feb-2020,MC,1,21.8501,37.9733,29.9855,76.5152,56,,401677649,-121
196385,196385,MiniPAT,DS,6,0,4,95,60,18:09:02 03-Feb-2020,MB,2,21.8498,37.9670,25.2389,53.7962,58,,401677648,-125
196385,196385,MiniPAT,DS,10,0,4,73,59,18:38:00 03-Feb-2020,MA,3,21.8493,37.9637,18.5030,22.7001,66,,401677648,-115
196385,196385,MiniPAT,DS,11,0,2,65,59,19:00:51 03-Feb-2020,NN,3,21.8488,37.9589,17.3181,18.0944,66,,401677647,-123
196385,196385,MiniPAT,DS,12,0,3,64,59,19:06:18 03-Feb-2020,MC,3,21.8491,37.9612,19.7532,28.4974,66,,401677648,-114
196385,196385,MiniPAT,DS,3,0,2,119,60,19:50:44 03-Feb-2020,MB,,,,14.8006,5.7157,8,,401677651,-131
196385,196385,MiniPAT,DS,7,0,6,99,59,02:21:41 04-Feb-2020,SR,3,21.8128,37.9022,26.6281,60.7887,66,,401677649,-126
196385,196385,MiniPAT,DS,8,0,4,76,59,02:21:12 04-Feb-2020,NP,2,21.8151,37.8985,15.6906,64.6766,68,,401677648,-126
196385,196385,MiniPAT,DS,5,0,2,135,59,03:55:47 04-Feb-2020,NK,2,21.8016,37.8838,15.9155,64.2410,66,,401677648,-125
196385,196385,MiniPAT,DS,8,0,2,94,59,04:01:46 04-Feb-2020,NP,3,21.8016,37.8882,26.6048,16.5822,68,,401677648,-124
196385,196385,MiniPAT,DS,9,0,3,59,59,04:02:16 04-Feb-2020,SR,2,21.8023,37.8846,16.3986,13.0499,58,,401677649,-122
196385,196385,MiniPAT,DS,7,0,4,80,59,05:24:55 04-Feb-2020,MA,2,21.7934,37.8694,14.5753,71.0954,68,,401677648,-124
196385,196385,MiniPAT,DS,5,0,2,120,60,05:37:56 04-Feb-2020,NK,2,21.7872,37.8727,26.4077,16.2706,58,,401677647,-124
196385,196385,MiniPAT,DS,7,0,4,80,60,05:52:56 04-Feb-2020,NN,2,21.7942,37.8681,15.6209,65.1948,58,,401677649,-126
196385,196385,MiniPAT,DS,2,0,0,61,61,05:54:26 04-Feb-2020,MC,B,21.7875,37.8748,13.3324,76.9867,8,,401677649,-122
196385,196385,MiniPAT,DS,2,0,2,59,59,06:43:22 04-Feb-2020,MB,B,21.7814,37.8623,18.2158,54.3032,8,,401677649,-131
196385,196385,MiniPAT,DS,11,0,6,65,59,07:03:20 04-Feb-2020,MA,2,21.7789,37.8568,24.9950,22.9138,58,,401677646,-118
196385,196385,MiniPAT,DS,8,0,2,77,59,07:32:17 04-Feb-2020,MC,2,21.7792,37.8539,23.6826,29.0485,68,,401650000,-120
196385,196385,MiniPAT,DS,7,0,1,60,59,07:35:46 04-Feb-2020,NN,1,21.7779,37.8533,26.3865,16.8749,56,,401677649,-129
196385,196385,MiniPAT,DS,1,0,1,,,08:21:40 04-Feb-2020,MB,,,,,,,,401650000,-132
196385,196385,MiniPAT,DS,6,0,5,60,60,13:35:33 04-Feb-2020,NP,1,21.7281,37.8012,29.1630,71.4570,58,,401677646,-129
196385,196385,MiniPAT,DS,1,0,1,,,15:01:46 04-Feb-2020,NK,,,,,,,,401650000,-130
196385,196385,MiniPAT,DS,12,0,7,65,59,15:16:42 04-Feb-2020,NP,2,21.7065,37.7866,18.3774,23.2640,56,,401677648,-122
196385,196385,MiniPAT,DS,2,0,2,238,238,16:34:29 04-Feb-2020,MA,B,21.6938,37.7842,30.5785,81.0546,8,,401677648,-129
196385,196385,MiniPAT,DS,10,0,2,66,60,16:44:28 04-Feb-2020,NK,3,21.6926,37.7744,19.3251,26.9365,58,,401677648,-121
196385,196385,MiniPAT,DS,1,0,0,,,17:03:27 04-Feb-2020,NN,,,,,,,,401650000,-133
196385,196385,MiniPAT,DS,5,0,5,119,59,17:49:26 04-Feb-2020,MB,3,21.6823,37.7628,27.2857,63.9307,68,,401677649,-132
196385,196385,MiniPAT,DS,10,0,3,66,59,18:14:45 04-Feb-2020,MA,2,21.6774,37.7670,20.6402,32.8973,68,,401677649,-118
196385,196385,MiniPAT,DS,9,0,3,74,59,18:42:28 04-Feb-2020,MC,0,21.6757,37.7574,21.9083,38.8117,58,,401677648,-117
196385,196385,MiniPAT,DS,13,0,6,64,59,18:47:55 04-Feb-2020,NN,2,21.6738,37.7490,18.5445,24.0772,58,,401677649,-123
196385,196385,MiniPAT,DS,2,0,1,120,120,19:27:18 04-Feb-2020,MB,B,21.6570,37.7240,16.9416,16.0125,8,,401677648,-130
196385,196385,MiniPAT,DS,4,0,2,60,60,20:23:34 04-Feb-2020,MC,0,11.2378,-9.3100,11.2466,-9.3137,66,,401677775,-127
196385,196385,MiniPAT,DS,6,0,4,107,59,02:09:14 05-Feb-2020,NP,2,21.6464,37.6534,14.0482,70.5254,56,,401677650,-127
196385,196385,MiniPAT,DS,5,0,2,89,59,03:31:31 05-Feb-2020,NK,2,21.6448,37.6366,13.0637,76.4580,66,,401677649,-129
196385,196385,MiniPAT,DS,10,0,3,72,59,03:49:55 05-Feb-2020,NP,3,21.6443,37.6329,,,66,,401677650,-121
196385,196385,MiniPAT,DS,5,0,3,59,59,05:05:59 05-Feb-2020,MA,1,21.6391,37.6159,12.1980,81.1510,68,,401677647,-127
196385,196385,MiniPAT,DS,11,0,3,59,59,05:11:58 05-Feb-2020,NK,2,21.6423,37.6181,23.6152,28.5093,58,,401677648,-121
196385,196385,MiniPAT,DS,4,0,1,79,59,05:42:49 05-Feb-2020,NN,1,21.6452,37.6083,14.1235,70.9856,68,,401677659,-128
196385,196385,MiniPAT,DS,10,0,5,66,59,06:42:58 05-Feb-2020,MA,2,21.6407,37.6020,22.6424,32.9517,68,,401677649,-118
196385,196385,MiniPAT,DS,11,0,5,65,59,07:12:49 05-Feb-2020,MC,1,21.6393,37.5936,21.2774,39.2588,56,,401677648,-116
196385,196385,MiniPAT,DS,8,0,4,76,59,07:21:17 05-Feb-2020,NN,3,21.6385,37.5948,24.9304,22.7741,68,,401677648,-121
196385,196385,MiniPAT,DS,3,0,1,119,60,08:01:10 05-Feb-2020,MB,A,21.6401,37.5718,26.1611,16.3447,8,,401650000,-129
196385,196385,MiniPAT,DS,4,0,2,120,60,08:50:59 05-Feb-2020,MC,1,21.6348,37.5779,31.5109,-8.6893,68,,401677649,-126
196385,196385,MiniPAT,DS,4,0,4,60,60,13:22:26 05-Feb-2020,NP,0,21.6186,37.5467,30.3582,77.4941,68,,401677652,-130
196385,196385,MiniPAT,DS,8,0,7,59,59,14:17:45 05-Feb-2020,SR,,,,,,,,401650000,
196385,196385,MiniPAT,DS,1,0,1,,,14:39:42 05-Feb-2020,NK,,,,,,,,401650000,-135
196385,196385,MiniPAT,DS,12,0,3,65,59,15:04:34 05-Feb-2020,NP,2,21.6189,37.5412,19.7167,29.2583,56,,401677649,-125
196385,196385,MiniPAT,DS,10,0,2,66,59,15:59:18 05-Feb-2020,SR,,,,,,,,401650000,
196385,196385,MiniPAT,DS,8,0,2,76,59,16:18:41 05-Feb-2020,NK,1,21.6091,37.5217,21.9974,39.3143,68,,401677650,-122
196385,196385,MiniPAT,DS,3,0,3,179,120,16:55:56 05-Feb-2020,NN,A,21.6076,37.5218,30.5704,78.1300,5,,401677649,-130
196385,196385,MiniPAT,DS,12,0,4,59,59,17:53:33 05-Feb-2020,MA,3,21.6019,37.5088,22.7829,43.0655,68,,401677650,-116
196385,196385,MiniPAT,DS,2,0,1,59,59,17:59:03 05-Feb-2020,NK,B,21.6003,37.5009,11.6989,-8.6059,6,,401677650,-129
196385,196385,MiniPAT,DS,12,0,4,65,59,18:28:24 05-Feb-2020,MC,,,,,,,,401650000,
196385,196385,MiniPAT,DS,5,0,1,119,59,18:34:21 05-Feb-2020,NN,2,21.5982,37.5039,19.9335,30.0559,58,,401677650,-124
196385,196385,MiniPAT,DS,8,0,6,59,59,19:08:37 05-Feb-2020,MB,3,21.5971,37.4945,19.1176,26.1923,68,,401677649,-126
196385,196385,MiniPAT,DS,8,0,2,59,59,19:34:26 05-Feb-2020,MA,1,21.5935,37.4825,12.2009,-5.0954,58,,401677650,-126
196385,196385,MiniPAT,DS,7,0,0,79,59,20:07:43 05-Feb-2020,MC,,,,,,,,401650000,
196385,196385,MiniPAT,DS,7,0,4,89,59,01:57:52 06-Feb-2020,NP,2,21.6001,37.3866,12.6047,76.4111,66,,401677651,-131
196385,196385,MiniPAT,DS,7,0,2,89,60,03:03:10 06-Feb-2020,SR,,,,,,,,401650000,
196385,196385,MiniPAT,DS,10,0,3,73,59,03:38:30 06-Feb-2020,NP,3,21.5935,37.3623,23.6667,28.2113,66,,401677652,-129
196385,196385,MiniPAT,DS,6,0,2,60,59,04:42:39 06-Feb-2020,SR,,,,,,,,401650000,
196385,196385,MiniPAT,DS,11,0,2,65,59,04:47:07 06-Feb-2020,NK,2,21.5888,37.3457,20.8424,40.7785,58,,401677651,-122
196385,196385,MiniPAT,DS,5,0,3,104,59,05:28:53 06-Feb-2020,NN,1,21.5925,37.3345,12.5361,76.9733,58,,401677653,-129
196385,196385,MiniPAT,DS,9,0,2,89,59,06:23:58 06-Feb-2020,MA,3,21.5797,37.3212,20.3279,43.1230,68,,401677650,-114
196385,196385,MiniPAT,DS,4,0,1,79,59,06:23:58 06-Feb-2020,NK,1,21.5725,37.3188,31.2008,-7.0842,68,,401677651,-132
196385,196385,MiniPAT,DS,11,0,2,65,59,06:52:17 06-Feb-2020,MC,3,21.5772,37.3175,18.9202,49.4740,66,,401650000,
196385,196385,MiniPAT,DS,10,0,0,66,59,07:10:39 06-Feb-2020,NN,3,21.5744,37.3179,23.4988,28.7075,66,,401650000,-125
196385,196385,MiniPAT,DS,7,0,2,59,59,07:40:26 06-Feb-2020,MB,2,21.5706,37.3135,23.8982,26.4595,58,,401677649,-132
196385,196385,MiniPAT,DS,9,0,3,59,59,08:02:16 06-Feb-2020,MA,2,21.5607,37.3084,30.5116,-4.8728,68,,401677649,-124
196385,196385,MiniPAT,DS,7,0,1,89,59,08:30:35 06-Feb-2020,MC,2,21.5613,37.3027,29.2820,1.5559,68,,401677648,-121
196385,196385,MiniPAT,DS,11,0,5,59,59,14:51:36 06-Feb-2020,NP,1,21.4978,37.3040,21.0218,35.2013,68,,401677651,-121
196385,196385,MiniPAT,DS,11,0,4,59,59,15:23:25 06-Feb-2020,SR,3,21.4908,37.3026,19.6192,46.0203,58,,401677650,-125
196385,196385,MiniPAT,DS,7,0,4,70,59,15:52:52 06-Feb-2020,NK,1,21.4830,37.3089,24.5589,51.6490,56,,401677653,-125
196385,196385,MiniPAT,DS,4,0,4,79,59,16:34:13 06-Feb-2020,NP,0,21.4739,37.2967,10.1498,-13.3427,54,,401677651,-134
196385,196385,MiniPAT,DS,7,0,3,69,59,17:01:35 06-Feb-2020,SR,2,21.4748,37.3160,29.6874,-1.6976,68,,401677651,-129
196385,196385,MiniPAT,DS,9,0,4,74,59,17:34:02 06-Feb-2020,MA,3,21.4682,37.3205,24.8443,53.1148,66,,401677651,-118
196385,196385,MiniPAT,DS,7,0,3,89,59,17:34:32 06-Feb-2020,NK,2,21.4662,37.3171,13.9971,3.6029,56,,401677651,-126
196385,196385,MiniPAT,DS,9,0,1,59,59,18:01:57 06-Feb-2020,MC,3,21.4645,37.3228,26.3161,59.3641,66,,401677650,-120
196385,196385,MiniPAT,DS,11,0,2,65,59,18:24:48 06-Feb-2020,NN,1,21.4581,37.3120,21.1588,35.9837,68,,401677650,-124
196385,196385,MiniPAT,DS,7,0,2,99,59,18:49:09 06-Feb-2020,MB,1,21.4568,37.3264,21.2297,36.2559,68,,401677652,-125
196385,196385,MiniPAT,DS,10,0,1,59,59,19:14:01 06-Feb-2020,MA,2,21.4518,37.3255,14.3877,4.9766,68,,401677651,-124
196385,196385,MiniPAT,DS,11,0,1,66,59,19:42:51 06-Feb-2020,MC,3,21.4493,37.3302,15.6415,11.1855,68,,401677651,-119
196385,196385,MiniPAT,DS,3,0,1,89,60,20:06:15 06-Feb-2020,NN,,,,10.1216,-12.3153,6,,401677650,-133
196385,196385,MiniPAT,DS,6,0,4,71,59,01:46:18 07-Feb-2020,NP,2,21.4160,37.3439,11.1217,82.0135,68,,401677652,-134
196385,196385,MiniPAT,DS,9,0,1,59,59,02:28:06 07-Feb-2020,SR,3,21.4130,37.3441,25.8766,58.4538,68,,401677652,-124
196385,196385,MiniPAT,DS,11,0,3,71,59,03:26:47 07-Feb-2020,NP,2,21.4098,37.3453,22.1987,33.8371,68,,401677651,-123
196385,196385,MiniPAT,DS,11,0,4,65,59,04:08:05 07-Feb-2020,SR,3,21.4087,37.3457,15.5824,10.6151,68,,401677651,-123
196385,196385,MiniPAT,DS,8,0,3,85,59,04:22:30 07-Feb-2020,NK,3,21.4064,37.3497,18.0334,52.7947,68,,401677652,-122
196385,196385,MiniPAT,DS,1,0,1,,,05:19:12 07-Feb-2020,NN,,,,,,,,401650000,-131
196385,196385,MiniPAT,DS,7,0,3,90,60,06:00:36 07-Feb-2020,NK,2,21.4022,37.3570,28.4067,4.9542,58,,401677652,-125
196385,196385,MiniPAT,DS,7,0,3,59,59,06:04:06 07-Feb-2020,MA,3,21.4015,37.3506,18.0686,52.9150,66,,401677650,-118
196385,196385,MiniPAT,DS,9,0,4,74,59,06:31:02 07-Feb-2020,MC,3,21.3960,37.3586,16.5588,59.3590,56,,401677650,-119
196385,196385,MiniPAT,DS,8,0,0,77,59,06:59:24 07-Feb-2020,NN,1,21.3950,37.3687,22.0860,34.2625,58,,401677651,-122
196385,196385,MiniPAT,DS,7,0,4,89,59,07:18:18 07-Feb-2020,MB,0,21.3990,37.3495,21.6163,36.3501,58,,401677653,-128
196385,196385,MiniPAT,DS,8,0,4,68,59,07:42:40 07-Feb-2020,MA,2,21.3925,37.3661,28.2695,4.8842,68,,401677650,-122
196385,196385,MiniPAT,DS,8,0,4,77,59,08:10:35 07-Feb-2020,MC,3,21.3905,37.3732,27.0052,11.2979,68,,401677651,-116
196385,196385,MiniPAT,DS,11,0,4,71,59,14:40:30 07-Feb-2020,NP,1,21.3293,37.3897,22.1145,40.8418,56,,401677651,-120
196385,196385,MiniPAT,DS,8,0,3,59,59,14:52:57 07-Feb-2020,SR,2,21.3282,37.3874,16.3011,60.7891,56,,401677651,-124
196385,196385,MiniPAT,DS,6,0,2,59,59,15:27:43 07-Feb-2020,NK,1,21.3230,37.3899,26.9248,63.7490,68,,401677651,-125
196385,196385,MiniPAT,DS,5,0,2,59,59,16:22:59 07-Feb-2020,NP,1,21.3102,37.3871,10.8975,-7.2855,66,,401677653,-130
196385,196385,MiniPAT,DS,6,0,2,71,59,16:30:55 07-Feb-2020,SR,2,21.3148,37.3892,26.4807,13.0121,58,,401677651,-122
196385,196385,MiniPAT,DS,9,0,2,74,59,17:08:43 07-Feb-2020,NK,3,21.3082,37.3856,16.5471,15.7217,66,,401677652,-123
196385,196385,MiniPAT,DS,8,0,5,85,59,17:12:42 07-Feb-2020,MA,3,21.3080,37.3872,26.7430,63.0398,68,,401677652,-122
196385,196385,MiniPAT,DS,5,0,3,89,59,17:42:38 07-Feb-2020,MC,,,,28.0676,69.2599,66,,401677651,-119
196385,196385,MiniPAT,DS,9,0,2,89,59,18:12:27 07-Feb-2020,NN,1,21.3016,37.3996,22.2533,41.6261,58,,401650000,-133
196385,196385,MiniPAT,DS,7,0,4,89,59,18:26:53 07-Feb-2020,MB,2,21.2971,37.3867,23.2172,46.2598,58,,401677652,-129
196385,196385,MiniPAT,DS,12,0,4,65,59,18:53:12 07-Feb-2020,MA,3,21.2911,37.3861,16.3790,14.9186,58,,401677652,-117
196385,196385,MiniPAT,DS,10,0,4,79,59,19:21:02 07-Feb-2020,MC,3,21.2862,37.3873,17.6729,21.2483,58,,401677651,-115
196385,196385,MiniPAT,DS,6,0,1,59,59,19:54:19 07-Feb-2020,NN,1,21.2780,37.3887,11.1117,-6.5260,68,,401677652,-131
196385,196385,MiniPAT,DS,2,0,2,59,59,01:34:25 08-Feb-2020,NP,B,21.2346,37.4206,10.0631,87.5410,8,,401677652,-136
196385,196385,MiniPAT,DS,5,0,4,74,59,01:57:17 08-Feb-2020,SR,1,21.2268,37.4287,28.7623,73.3835,68,,401677655,-129
196385,196385,MiniPAT,DS,10,0,5,73,59,03:14:51 08-Feb-2020,NP,1,21.2264,37.4352,20.8012,39.2921,66,,401677652,-124
196385,196385,MiniPAT,DS,10,0,4,66,59,03:37:14 08-Feb-2020,SR,3,21.2236,37.4386,18.6598,25.5900,68,,401677652,-122
196385,196385,MiniPAT,DS,9,0,1,74,59,03:56:11 08-Feb-2020,NK,3,21.2213,37.4419,15.1895,64.7357,66,,401677652,-124
196385,196385,MiniPAT,DS,5,0,2,74,59,04:53:25 08-Feb-2020,NP,1,21.2181,37.4569,31.6689,-8.8790,58,,401677654,-131
196385,196385,MiniPAT,DS,1,0,1,,,05:04:52 08-Feb-2020,NN,,,,,,,,401650000,-133
196385,196385,MiniPAT,DS,10,0,5,72,59,05:36:12 08-Feb-2020,NK,3,21.2069,37.4590,25.6911,16.8256,68,,401677651,-121
196385,196385,MiniPAT,DS,9,0,4,59,59,05:42:39 08-Feb-2020,MA,3,21.2062,37.4549,15.7373,62.7240,68,,401677651,-120
196385,196385,MiniPAT,DS,9,0,2,59,59,06:14:29 08-Feb-2020,MC,,,,14.2269,69.1304,58,,401677653,-122
196385,196385,MiniPAT,DS,8,0,3,85,59,06:47:21 08-Feb-2020,NN,1,21.1969,37.4690,20.7083,39.7558,58,,401677650,-123
196385,196385,MiniPAT,DS,5,0,4,149,61,06:57:19 08-Feb-2020,MB,1,21.1936,37.4686,19.2779,46.1352,56,,401650000,-131
196385,196385,MiniPAT,DS,11,0,6,59,59,07:20:15 08-Feb-2020,MA,3,21.1864,37.4786,26.1412,14.5715,68,,401677652,-119
196385,196385,MiniPAT,DS,10,0,3,66,59,07:50:12 08-Feb-2020,MC,3,21.1807,37.4802,24.7470,21.0434,56,,401677650,-115
196385,196385,MiniPAT,DS,2,0,2,119,119,08:23:01 08-Feb-2020,NN,B,21.1621,37.4992,31.1747,-7.8085,8,,401677652,-132
196385,196385,MiniPAT,DS,1,0,1,,,08:37:58 08-Feb-2020,MB,,,,,,,,401650000,-133
196385,196385,MiniPAT,DS,3,0,3,149,120,14:22:17 08-Feb-2020,SR,A,21.0860,37.5219,13.0440,75.4099,66,,401677651,-133
196385,196385,MiniPAT,DS,9,0,5,81,59,14:30:14 08-Feb-2020,NP,1,21.0892,37.5242,23.1251,46.4982,58,,401677652,-124
196385,196385,MiniPAT,DS,1,0,1,,,15:04:38 08-Feb-2020,NK,,,,,,,,401650000,-129
196385,196385,MiniPAT,DS,10,0,5,66,59,16:01:29 08-Feb-2020,SR,3,21.0680,37.5298,23.1740,27.6391,56,,401677652,-118
196385,196385,MiniPAT,DS,7,0,4,69,59,16:09:56 08-Feb-2020,NP,1,21.0629,37.5261,12.7831,-1.7045,56,,401677652,-130
196385,196385,MiniPAT,DS,8,0,2,68,59,16:43:17 08-Feb-2020,NK,2,21.0576,37.5322,18.9376,27.8354,58,,401677652,-120
196385,196385,MiniPAT,DS,4,0,4,138,59,16:51:42 08-Feb-2020,MA,2,21.0555,37.5371,28.4724,73.0018,68,,401677653,-127
196385,196385,MiniPAT,DS,4,0,3,80,60,17:20:06 08-Feb-2020,MC,1,21.0588,37.5327,29.8873,79.1886,68,,401677649,-126
196385,196385,MiniPAT,DS,7,0,5,89,59,17:59:31 08-Feb-2020,NN,2,21.0452,37.5432,23.2174,47.3376,58,,401677652,-121
196385,196385,MiniPAT,DS,5,0,5,134,59,18:06:29 08-Feb-2020,MB,1,21.0460,37.5418,25.0333,56.1273,58,,401677652,-129
196385,196385,MiniPAT,DS,11,0,4,66,59,18:34:23 08-Feb-2020,MA,3,21.0379,37.5415,18.2805,24.9697,68,,401677652,-117
196385,196385,MiniPAT,DS,11,0,5,59,59,19:00:18 08-Feb-2020,MC,3,21.0321,37.5378,19.6456,31.1747,68,,401677653,-116
196385,196385,MiniPAT,DS,5,0,2,89,59,19:41:40 08-Feb-2020,NN,1,21.0201,37.5453,12.1978,-0.8983,56,,401677655,-129
196385,196385,MiniPAT,DS,3,0,2,211,59,19:50:42 08-Feb-2020,MB,,,,14.7162,8.0448,56,,401677649,-130
196385,196385,MiniPAT,DS,7,0,6,89,59,03:03:40 09-Feb-2020,NP,1,21.0099,37.5752,19.3821,44.7057,56,,401677651,-127
196385,196385,MiniPAT,DS,9,0,6,75,59,03:06:11 09-Feb-2020,SR,1,21.0086,37.5726,21.6366,40.4918,56,,401677653,-124
196385,196385,MiniPAT,DS,2,0,2,119,119,03:31:09 09-Feb-2020,NK,B,21.0110,37.5637,12.5859,76.5454,8,,401677652,-129
196385,196385,MiniPAT,DS,4,0,3,100,63,04:44:34 09-Feb-2020,NP,0,21.0169,37.5838,30.0638,-3.4645,58,,401650000,-136
196385,196385,MiniPAT,DS,3,0,2,91,63,04:45:33 09-Feb-2020,SR,A,21.0805,37.5834,11.2612,-7.4048,8,,401677623,-131
196385,196385,MiniPAT,DS,10,0,5,66,59,05:11:58 09-Feb-2020,NK,3,21.0099,37.5945,22.9682,28.5673,58,,401677652,-123
196385,196385,MiniPAT,DS,4,0,3,80,60,05:22:57 09-Feb-2020,MA,0,21.0181,37.6042,13.4983,72.4047,58,,401677657,-127
196385,196385,MiniPAT,DS,2,0,1,119,119,05:49:54 09-Feb-2020,MC,B,21.0095,37.5994,12.1149,78.8068,8,,401677652,-130
196385,196385,MiniPAT,DS,4,0,2,179,60,06:34:18 09-Feb-2020,NN,2,21.0036,37.6076,19.3234,45.3819,68,,401677650,-124
196385,196385,MiniPAT,DS,10,0,2,59,59,07:03:14 09-Feb-2020,MA,2,21.0089,37.6173,23.8528,24.2155,58,,401677647,-116
196385,196385,MiniPAT,DS,10,0,4,72,59,07:27:40 09-Feb-2020,MC,2,21.0107,37.6239,22.5288,30.7156,58,,401677651,-115
196385,196385,MiniPAT,DS,2,0,2,417,417,08:14:59 09-Feb-2020,MB,B,21.0144,37.6355,27.2071,7.9107,8,,401677652,-131
196385,196385,MiniPAT,DS,3,0,3,208,60,08:14:59 09-Feb-2020,NN,A,21.0112,37.6295,30.0497,-2.8511,6,,401677652,-128
196385,196385,MiniPAT,DS,7,0,3,99,60,14:16:33 09-Feb-2020,NP,1,21.0199,37.7511,24.2260,52.0131,58,,401677649,-124
196385,196385,MiniPAT,DS,7,0,4,70,59,15:29:03 09-Feb-2020,SR,2,21.0248,37.7803,20.0581,42.2905,66,,401677650,-123
196385,196385,MiniPAT,DS,10,0,4,59,59,15:58:55 09-Feb-2020,NP,2,21.0200,37.7844,13.0787,3.9083,58,,401677649,-127
196385,196385,MiniPAT,DS,6,0,2,72,59,16:18:22 09-Feb-2020,NK,1,21.0280,37.7993,21.4416,39.7107,58,,401677647,-122
196385,196385,MiniPAT,DS,3,0,3,90,60,16:31:54 09-Feb-2020,MA,A,21.0908,37.7895,30.5044,82.6977,8,,401677623,-129
196385,196385,MiniPAT,DS,2,0,0,62,62,17:08:54 09-Feb-2020,SR,B,21.0328,37.8132,29.9637,-5.6245,8,,401677650,-131
196385,196385,MiniPAT,DS,6,0,3,84,59,17:46:53 09-Feb-2020,NN,3,21.0182,37.8132,24.3491,52.8538,66,,401677651,-127
196385,196385,MiniPAT,DS,1,0,1,,,17:49:25 09-Feb-2020,MB,,,,,,,,401650000,-134
196385,196385,MiniPAT,DS,2,0,1,238,238,17:59:22 09-Feb-2020,NK,B,21.0124,37.8202,11.1012,-8.4436,6,,401677651,-133
196385,196385,MiniPAT,DS,9,0,4,82,59,18:12:48 09-Feb-2020,MA,2,21.0218,37.8152,20.3267,34.6101,66,,401677648,-117
196385,196385,MiniPAT,DS,9,0,3,75,60,18:39:19 09-Feb-2020,MC,1,21.0226,37.8345,21.6739,40.8256,58,,401677649,-119
196385,196385,MiniPAT,DS,4,0,3,59,59,19:25:18 09-Feb-2020,MB,,,,16.9990,18.0924,55,,401677657,-128
196385,196385,MiniPAT,DS,8,0,2,77,59,19:28:48 09-Feb-2020,NN,1,21.0166,37.8533,13.3361,4.5881,58,,401677649,-127
196385,196385,MiniPAT,DS,3,0,2,119,60,20:21:04 09-Feb-2020,MC,A,21.0165,37.8591,10.9019,-7.2853,6,,401677648,-130
196385,196385,MiniPAT,DS,6,0,3,96,59,02:33:07 10-Feb-2020,SR,2,21.0060,37.9571,24.6215,55.0753,58,,401677649,-129
196385,196385,MiniPAT,DS,8,0,5,68,59,02:52:04 10-Feb-2020,NP,2,21.0045,37.9605,18.2519,50.0509,56,,401677649,-128
196385,196385,MiniPAT,DS,6,0,3,72,59,04:13:54 10-Feb-2020,SR,1,21.0052,37.9793,14.3331,7.1958,58,,401677649,-127
196385,196385,MiniPAT,DS,8,0,5,76,59,04:31:25 10-Feb-2020,NP,1,21.0075,37.9834,29.1057,1.9600,58,,401677645,-131
196385,196385,MiniPAT,DS,6,0,2,121,59,04:46:57 10-Feb-2020,NK,1,21.0009,38.0060,20.5091,40.3298,68,,401677648,-124
196385,196385,MiniPAT,DS,2,0,1,179,179,05:01:28 10-Feb-2020,MA,B,21.0100,37.9799,11.6890,81.9468,8,,401677649,-129
196385,196385,MiniPAT,DS,6,0,2,119,59,06:23:40 10-Feb-2020,NN,1,21.0020,38.0066,18.1569,50.6342,56,,401677650,-124
196385,196385,MiniPAT,DS,1,0,1,,,06:21:43 10-Feb-2020,NK,,,,,,,,401650000,-135
196385,196385,MiniPAT,DS,8,0,4,77,60,06:40:37 10-Feb-2020,MA,2,21.0014,38.0091,21.9062,33.7965,66,,401677646,-116
196385,196385,MiniPAT,DS,8,0,4,77,60,07:09:10 10-Feb-2020,MC,1,20.9990,38.0235,20.4938,40.3614,58,,401677646,-117
196385,196385,MiniPAT,DS,3,0,2,179,60,07:55:36 10-Feb-2020,MB,A,21.0061,38.0196,25.4047,17.3439,8,,401677646,-132
196385,196385,MiniPAT,DS,3,0,2,269,60,08:03:04 10-Feb-2020,NN,A,20.9871,38.0212,28.7424,2.4831,8,,401650000,-132
196385,196385,MiniPAT,DS,5,0,3,104,59,14:06:02 10-Feb-2020,NP,2,20.9769,38.0941,25.3071,57.3942,68,,401677647,-126
196385,196385,MiniPAT,DS,7,0,3,80,59,14:58:24 10-Feb-2020,SR,2,20.9777,38.1083,16.9031,56.9330,58,,401677648,-129
196385,196385,MiniPAT,DS,8,0,3,68,59,15:46:21 10-Feb-2020,NP,2,20.9654,38.1151,14.2645,9.2732,68,,401677648,-126
196385,196385,MiniPAT,DS,5,0,2,90,60,15:52:20 10-Feb-2020,NK,3,20.9712,38.1165,23.8511,51.5355,68,,401677646,-127
196385,196385,MiniPAT,DS,7,0,4,69,59,16:36:45 10-Feb-2020,SR,1,20.9648,38.1227,27.1354,9.1635,58,,401677647,-125
196385,196385,MiniPAT,DS,6,0,3,84,59,17:36:09 10-Feb-2020,NN,1,20.9581,38.1337,25.4062,58.2570,58,,401677648,-127
196385,196385,MiniPAT,DS,5,0,0,75,59,17:34:39 10-Feb-2020,NK,1,20.9485,38.1300,13.2331,3.5433,58,,401677651,-127
196385,196385,MiniPAT,DS,8,0,4,86,60,17:50:47 10-Feb-2020,MA,2,20.9541,38.1392,22.2622,44.2512,58,,401677647,-119
196385,196385,MiniPAT,DS,6,0,4,107,59,18:18:44 10-Feb-2020,MC,2,20.9499,38.1401,23.6690,50.2196,58,,401677648,-122
196385,196385,MiniPAT,DS,2,0,2,299,299,19:08:00 10-Feb-2020,MB,,,,18.6437,27.5505,6,,401677648,-131
196385,196385,MiniPAT,DS,9,0,3,74,59,19:17:57 10-Feb-2020,NN,2,20.9391,38.1528,14.4264,10.0775,58,,401677648,-126
196385,196385,MiniPAT,DS,7,0,3,59,59,19:30:57 10-Feb-2020,MA,1,20.9339,38.1570,11.7201,-3.9635,66,,401677649,-124
196385,196385,MiniPAT,DS,8,0,2,68,59,19:58:55 10-Feb-2020,MC,2,20.9340,38.1579,12.9949,2.4121,66,,401677645,-122
196385,196385,MiniPAT,DS,4,0,1,99,60,02:03:03 11-Feb-2020,SR,1,20.9027,38.1983,27.5210,69.8108,68,,401677645,-129
196385,196385,MiniPAT,DS,7,0,4,79,59,02:40:23 11-Feb-2020,NP,2,20.8941,38.1985,16.9443,55.4748,56,,401677648,-129
196385,196385,MiniPAT,DS,8,0,2,76,59,03:43:41 11-Feb-2020,SR,3,20.8882,38.2025,17.3594,21.9620,50,,401677648,-121
196385,196385,MiniPAT,DS,7,0,6,92,59,04:20:49 11-Feb-2020,NP,1,20.8864,38.2047,27.7997,7.3758,58,,401650000,-126
196385,196385,MiniPAT,DS,5,0,5,62,60,04:24:22 11-Feb-2020,NK,0,20.8758,38.2186,17.8715,52.1375,58,,401677650,-125
196385,196385,MiniPAT,DS,6,0,4,96,59,05:59:44 11-Feb-2020,NK,2,20.8795,38.2122,29.4771,5.1633,68,,401677650,-125
196385,196385,MiniPAT,DS,9,0,5,60,59,06:11:19 11-Feb-2020,NN,2,20.8795,38.2173,16.8680,56.0054,58,,401677649,-125
196385,196385,MiniPAT,DS,9,0,6,68,59,06:19:23 11-Feb-2020,MA,2,20.8718,38.2164,19.7390,43.4574,68,,401677647,-119
196385,196385,MiniPAT,DS,9,0,6,66,59,06:48:30 11-Feb-2020,MC,2,20.8653,38.2192,18.2710,50.0856,58,,401677645,-120
196385,196385,MiniPAT,DS,4,0,2,101,60,07:36:36 11-Feb-2020,MB,2,20.8617,38.2158,23.2799,26.9653,66,,401677648,-126
196385,196385,MiniPAT,DS,7,0,5,80,60,07:52:06 11-Feb-2020,NN,1,20.8618,38.2242,27.5847,7.8442,58,,401677648,-126
196385,196385,MiniPAT,DS,5,0,3,59,59,08:00:06 11-Feb-2020,MA,0,20.7990,38.2415,29.7891,-4.7043,56,,401677645,-125
196385,196385,MiniPAT,DS,6,0,3,72,59,08:28:07 11-Feb-2020,MC,1,20.8542,38.2255,28.5753,2.0197,58,,401677645,-122
196385,196385,MiniPAT,DS,4,0,4,120,60,13:53:53 11-Feb-2020,NP,1,20.7826,38.2319,26.3448,63.0371,58,,401677647,-129
196385,196385,MiniPAT,DS,3,0,2,119,119,14:30:00 11-Feb-2020,SR,A,20.7885,38.2445,13.5769,71.6344,8,,401677647,-135
196385,196385,MiniPAT,DS,3,0,2,121,62,15:25:56 11-Feb-2020,NK,A,20.7795,38.2329,26.1856,63.5625,56,,401677645,-127
196385,196385,MiniPAT,DS,8,0,5,85,59,15:34:56 11-Feb-2020,NP,2,20.7775,38.2327,15.3891,14.8463,58,,401677645,-124
196385,196385,MiniPAT,DS,7,0,0,59,59,16:07:49 11-Feb-2020,SR,3,20.7724,38.2366,23.8317,23.7615,68,,401677648,-123
196385,196385,MiniPAT,DS,8,0,4,85,59,17:12:43 11-Feb-2020,NK,,,,15.7500,15.5663,68,,401677647,-122
196385,196385,MiniPAT,DS,3,0,2,179,60,17:23:44 11-Feb-2020,NN,A,20.7549,38.2344,26.4263,63.9721,8,,401677648,-128
196385,196385,MiniPAT,DS,7,0,6,99,60,17:29:43 11-Feb-2020,MA,2,20.7588,38.2393,24.1606,54.1586,58,,401677646,-120
196385,196385,MiniPAT,DS,8,0,7,68,59,17:56:43 11-Feb-2020,MC,2,20.7546,38.2387,25.6611,60.5938,58,,401677646,-118
196385,196385,MiniPAT,DS,9,0,6,74,59,18:45:33 11-Feb-2020,MB,0,20.7438,38.2367,20.5868,37.5205,58,,401677647,-127
196385,196385,MiniPAT,DS,10,0,5,80,59,19:06:30 11-Feb-2020,NN,2,20.7374,38.2355,15.5290,15.8346,58,,401677648,-123
196385,196385,MiniPAT,DS,9,0,3,67,59,19:10:59 11-Feb-2020,MA,2,20.7380,38.2344,13.6454,5.9866,58,,401677649,-120
196385,196385,MiniPAT,DS,9,0,4,67,59,19:37:56 11-Feb-2020,MC,2,20.7323,38.2410,15.0206,12.4175,58,,401677648,-119
196385,196385,MiniPAT,DS,1,0,1,,,01:32:11 12-Feb-2020,SR,,,,,,,,401650000,-136
196385,196385,MiniPAT,DS,6,0,4,95,59,02:28:02 12-Feb-2020,NP,2,20.6685,38.2777,15.4251,60.9794,58,,401677646,-128
196385,196385,MiniPAT,DS,11,0,5,65,59,03:11:36 12-Feb-2020,SR,0,20.6721,38.2890,20.3860,36.9563,58,,401677647,-120
196385,196385,MiniPAT,DS,6,0,3,59,59,03:57:25 12-Feb-2020,NK,1,20.6713,38.2926,15.0545,63.9704,58,,401650000,-130
196385,196385,MiniPAT,DS,9,0,6,67,59,04:08:24 12-Feb-2020,NP,2,20.6699,38.2903,26.4216,12.8552,58,,401677648,-122
196385,196385,MiniPAT,DS,1,0,1,,,04:52:47 12-Feb-2020,SR,,,,,,,,401650000,-136
196385,196385,MiniPAT,DS,9,0,4,67,59,05:36:13 12-Feb-2020,NK,2,20.6673,38.2978,25.4559,16.1052,56,,401677646,-125
196385,196385,MiniPAT,DS,9,0,3,74,59,05:58:10 12-Feb-2020,MA,3,20.6659,38.3023,17.4010,53.2364,58,,401677646,-120
196385,196385,MiniPAT,DS,6,0,2,59,59,06:02:09 12-Feb-2020,NN,0,20.6637,38.3049,15.4285,61.5222,56,,401677640,-132
196385,196385,MiniPAT,DS,7,0,3,90,59,06:27:08 12-Feb-2020,MC,3,20.6635,38.3113,15.8977,59.9428,66,,401677646,-121
196385,196385,MiniPAT,DS,6,0,5,83,59,07:13:58 12-Feb-2020,MB,2,20.6683,38.3005,21.0036,36.7607,68,,401677647,-124
196385,196385,MiniPAT,DS,6,0,1,59,59,07:40:48 12-Feb-2020,MA,0,20.6594,38.3191,27.6275,5.0293,58,,401677647,-121
196385,196385,MiniPAT,DS,8,0,2,59,59,07:41:48 12-Feb-2020,NN,1,20.6635,38.3175,26.1838,13.2556,58,,401677641,-125
196385,196385,MiniPAT,DS,8,0,6,76,59,08:06:45 12-Feb-2020,MC,3,20.6609,38.3218,26.3938,11.8673,68,,401677645,-121
196385,196385,MiniPAT,DS,4,0,3,120,119,13:42:59 12-Feb-2020,NP,2,20.6160,38.3645,27.4034,68.6530,68,,401677648,-129
196385,196385,MiniPAT,DS,2,0,1,59,59,15:00:37 12-Feb-2020,NK,B,20.5887,38.4222,28.4682,75.6587,6,,401677648,-133
196385,196385,MiniPAT,DS,10,0,5,59,59,15:24:33 12-Feb-2020,NP,3,20.5984,38.3676,16.4577,20.6264,68,,401677648,-124
196385,196385,MiniPAT,DS,6,0,1,71,59,15:36:59 12-Feb-2020,SR,0,20.6112,38.3052,20.5632,38.5312,56,,401677648,-121
196385,196385,MiniPAT,DS,9,0,3,74,59,16:47:58 12-Feb-2020,NK,,,,18.2386,27.6306,58,,401677647,-121
196385,196385,MiniPAT,DS,6,0,2,85,61,17:08:29 12-Feb-2020,MA,2,20.5906,38.3803,26.0134,64.0464,68,,401677648,-124
196385,196385,MiniPAT,DS,2,0,1,59,59,17:10:32 12-Feb-2020,NN,B,20.5985,38.3569,27.4610,69.6663,8,,401677648,-129
196385,196385,MiniPAT,DS,2,0,2,60,60,17:14:32 12-Feb-2020,SR,B,20.5938,38.3766,30.3711,-9.3637,8,,401677648,-133
196385,196385,MiniPAT,DS,4,0,2,99,59,17:35:28 12-Feb-2020,MC,1,20.6000,38.3921,27.4242,70.4831,68,,401677645,-126
196385,196385,MiniPAT,DS,6,0,3,71,59,18:21:44 12-Feb-2020,MB,1,20.5945,38.3947,22.5440,47.4424,58,,401677647,-127
196385,196385,MiniPAT,DS,9,0,2,74,59,18:50:35 12-Feb-2020,MA,2,20.5894,38.3916,15.6251,15.8523,58,,401677648,-120
196385,196385,MiniPAT,DS,12,0,4,65,59,18:54:04 12-Feb-2020,NN,3,20.5910,38.3930,16.7358,21.3621,68,,401677648,-123
196385,196385,MiniPAT,DS,11,0,5,71,59,19:17:27 12-Feb-2020,MC,2,20.5894,38.3932,17.0135,22.4386,56,,401677648,-116
196385,196385,MiniPAT,DS,8,0,5,60,59,02:15:52 13-Feb-2020,NP,2,20.5836,38.4169,14.0779,66.4783,58,,401677650,-126
196385,196385,MiniPAT,DS,7,0,4,90,59,02:40:45 13-Feb-2020,SR,2,20.5824,38.4188,23.4137,51.7502,56,,401677649,-125
196385,196385,MiniPAT,DS,6,0,4,83,59,03:31:34 13-Feb-2020,NK,1,20.5794,38.4222,12.2934,75.9469,68,,401677648,-127
196385,196385,MiniPAT,DS,10,0,4,72,59,03:57:30 13-Feb-2020,NP,2,20.5844,38.4198,25.1396,18.3660,58,,401677650,-127
196385,196385,MiniPAT,DS,8,0,3,77,59,04:20:27 13-Feb-2020,SR,2,20.5846,38.4204,13.0287,3.8864,58,,401677649,-127
196385,196385,MiniPAT,DS,10,0,3,59,59,05:11:12 13-Feb-2020,NK,3,20.5857,38.4247,22.8526,27.9737,56,,401677647,-120
196385,196385,MiniPAT,DS,8,0,5,93,59,05:39:03 13-Feb-2020,MA,3,20.5891,38.4267,15.2208,63.0923,68,,401677648,-121
196385,196385,MiniPAT,DS,6,0,5,95,59,05:47:31 13-Feb-2020,NN,3,20.5870,38.4263,14.0579,67.1142,66,,401677649,-128
196385,196385,MiniPAT,DS,6,0,3,83,60,06:10:29 13-Feb-2020,MC,,,,13.6909,69.7328,56,,401677648,-124
196385,196385,MiniPAT,DS,7,0,3,109,59,06:53:51 13-Feb-2020,MB,2,20.5918,38.4297,18.7780,46.7063,68,,401677649,-128
196385,196385,MiniPAT,DS,9,0,5,74,59,07:18:12 13-Feb-2020,MA,2,20.5930,38.4329,25.6334,14.9416,58,,401650000,-124
196385,196385,MiniPAT,DS,11,0,0,65,59,07:28:38 13-Feb-2020,NN,3,20.5910,38.4308,24.9429,18.9177,68,,401677646,-123
196385,196385,MiniPAT,DS,11,0,4,65,59,07:46:34 13-Feb-2020,MC,3,20.5930,38.4315,24.2379,21.6754,68,,401677646,-115
196385,196385,MiniPAT,DS,8,0,3,67,59,13:30:43 13-Feb-2020,NP,2,20.6119,38.4711,28.5707,74.2460,68,,401677648,-130
196385,196385,MiniPAT,DS,11,0,1,65,59,15:05:00 13-Feb-2020,SR,3,20.6191,38.4876,17.4048,53.3694,58,,401677649,-126
196385,196385,MiniPAT,DS,13,0,2,59,59,15:13:27 13-Feb-2020,NP,2,20.6194,38.4902,17.7681,26.0612,56,,401677647,-121
196385,196385,MiniPAT,DS,9,0,1,76,59,16:17:07 13-Feb-2020,NK,1,20.6256,38.4987,20.8632,39.5913,58,,401677647,-124
196385,196385,MiniPAT,DS,9,0,2,67,59,16:43:34 13-Feb-2020,SR,2,20.6304,38.5079,27.6240,5.6317,58,,401677647,-129
196385,196385,MiniPAT,DS,6,0,2,95,59,16:48:02 13-Feb-2020,MA,2,20.6306,38.5114,28.0451,73.8011,68,,401677648,-122
196385,196385,MiniPAT,DS,8,0,2,68,59,17:00:58 13-Feb-2020,NN,2,20.6310,38.5141,28.6763,75.0980,68,,401677648,-129
196385,196385,MiniPAT,DS,6,0,5,83,59,17:16:24 13-Feb-2020,MC,1,20.6312,38.5206,29.5405,80.2037,58,,401677649,-127
196385,196385,MiniPAT,DS,5,0,3,60,59,17:58:45 13-Feb-2020,NK,0,20.6488,38.5306,10.1553,-8.4186,58,,401650000,-133
196385,196385,MiniPAT,DS,5,0,4,135,59,18:03:15 13-Feb-2020,MB,1,20.6355,38.5352,24.7309,57.0159,58,,401677647,-131
196385,196385,MiniPAT,DS,10,0,2,73,59,18:29:11 13-Feb-2020,MA,3,20.6348,38.5429,17.8291,25.7409,58,,401677648,-116
196385,196385,MiniPAT,DS,14,0,3,59,59,18:42:09 13-Feb-2020,NN,3,20.6346,38.5464,17.9749,26.8553,50,,401650000,-137
196385,196385,MiniPAT,DS,13,0,3,64,59,18:56:05 13-Feb-2020,MC,2,20.6330,38.5495,19.2302,32.1716,56,,401650000,-134
196385,196385,MiniPAT,DS,2,0,1,60,60,19:39:56 13-Feb-2020,MB,B,20.6169,38.5516,14.1715,9.2750,8,,401677648,-133
196385,196385,MiniPAT,DS,9,0,2,59,59,02:05:56 14-Feb-2020,NP,2,20.5528,38.6620,12.9012,71.9374,56,,401677647,-129
196385,196385,MiniPAT,DS,7,0,1,69,59,02:08:25 14-Feb-2020,SR,3,20.5534,38.6734,26.3955,66.4875,66,,401677649,-127
196385,196385,MiniPAT,DS,3,0,2,90,60,03:05:12 14-Feb-2020,NK,A,20.5371,38.6813,9.5850,87.7693,4,,401677649,-130
196385,196385,MiniPAT,DS,11,0,1,59,59,03:46:29 14-Feb-2020,NP,3,20.5250,38.6824,23.9043,23.7181,66,,401650000,-126
196385,196385,MiniPAT,DS,11,0,3,59,59,03:49:27 14-Feb-2020,SR,3,20.5225,38.6761,16.1618,18.6357,66,,401677648,-122
196385,196385,MiniPAT,DS,10,0,1,73,59,04:45:43 14-Feb-2020,NK,1,20.5091,38.6656,20.2606,39.7872,68,,401677648,-121
196385,196385,MiniPAT,DS,8,0,4,85,59,05:18:07 14-Feb-2020,MA,3,20.4973,38.6780,13.0056,72.7647,68,,401677648,-124
196385,196385,MiniPAT,DS,4,0,1,158,59,05:35:02 14-Feb-2020,NN,2,20.4936,38.6780,12.7589,72.6270,68,,401677649,-129
196385,196385,MiniPAT,DS,6,0,1,60,59,05:46:29 14-Feb-2020,MC,1,20.4813,38.6707,11.4745,79.4374,68,,401677647,-127
196385,196385,MiniPAT,DS,3,0,2,119,59,06:22:51 14-Feb-2020,NK,A,20.4767,38.6793,30.6182,-8.1095,8,,401677647,-131
196385,196385,MiniPAT,DS,4,0,3,180,60,06:34:18 14-Feb-2020,MB,2,20.4734,38.6762,16.5540,56.3260,66,,401677649,-129
196385,196385,MiniPAT,DS,13,0,4,59,59,06:58:43 14-Feb-2020,MA,3,20.4646,38.6796,23.4937,24.5498,56,,401677647,-114
196385,196385,MiniPAT,DS,12,0,0,59,59,07:17:06 14-Feb-2020,NN,3,20.4586,38.6785,23.6778,24.2983,66,,401677648,-121
196385,196385,MiniPAT,DS,12,0,1,59,59,07:23:32 14-Feb-2020,MC,3,20.4558,38.6754,22.0960,31.2566,66,,401677646,-117
196385,196385,MiniPAT,DS,4,0,1,179,61,08:12:45 14-Feb-2020,MB,2,20.4403,38.6656,26.2215,7.9329,68,,401677645,-130
196385,196385,MiniPAT,DS,6,0,3,83,59,13:19:25 14-Feb-2020,NP,2,20.3670,38.5851,29.5595,79.9209,68,,401677642,-131
196385,196385,MiniPAT,DS,9,0,1,59,59,14:33:24 14-Feb-2020,SR,2,20.3698,38.5572,13.9125,68.1196,68,,401677642,-124
196385,196385,MiniPAT,DS,13,0,5,64,59,14:59:43 14-Feb-2020,NP,2,20.3673,38.5530,18.8168,31.8379,68,,401677642,-123
196385,196385,MiniPAT,DS,9,0,1,66,59,15:52:15 14-Feb-2020,NK,3,20.3677,38.5319,23.2322,51.7467,68,,401677642,-121
196385,196385,MiniPAT,DS,13,0,5,59,59,16:13:34 14-Feb-2020,SR,3,20.3659,38.5258,24.2525,20.3524,56,,401677643,-121
196385,196385,MiniPAT,DS,3,0,1,119,119,16:27:26 14-Feb-2020,MA,A,20.3790,38.5190,29.8471,83.8994,8,,401677638,-126
196385,196385,MiniPAT,DS,5,0,4,104,59,16:49:44 14-Feb-2020,NN,2,20.3664,38.5126,29.7148,80.8882,68,,401677644,-131
196385,196385,MiniPAT,DS,1,0,1,,,16:55:12 14-Feb-2020,MC,,,,,,,,401650000,-128
196385,196385,MiniPAT,DS,11,0,1,65,59,17:33:21 14-Feb-2020,NK,2,20.3736,38.4967,12.5999,3.7737,68,,401677643,-124
196385,196385,MiniPAT,DS,4,0,4,178,59,17:43:16 14-Feb-2020,MB,1,20.3727,38.4923,26.5462,67.1117,58,,401677643,-132
196385,196385,MiniPAT,DS,13,0,4,59,59,18:07:36 14-Feb-2020,MA,1,20.3760,38.4918,19.7876,35.7694,58,,401650000,-131
196385,196385,MiniPAT,DS,14,0,3,59,59,18:29:58 14-Feb-2020,NN,2,20.3766,38.4795,19.0781,32.7527,68,,401677642,-131
196385,196385,MiniPAT,DS,12,0,6,59,59,18:34:56 14-Feb-2020,MC,2,20.3762,38.4738,21.2457,42.4026,58,,401677644,-116
196385,196385,MiniPAT,DS,3,0,1,179,60,19:23:14 14-Feb-2020,MB,A,20.3829,38.4624,16.1806,19.1737,8,,401677642,-131
196385,196385,MiniPAT,DS,2,0,2,120,120,19:49:11 14-Feb-2020,MA,B,20.3870,38.4495,9.5854,-12.6421,8,,401677642,-132
196385,196385,MiniPAT,DS,6,0,4,71,59,20:15:07 14-Feb-2020,MC,1,20.3845,38.4421,10.5674,-5.7844,68,,401677644,-125
196385,196385,MiniPAT,DS,1,0,1,,,20:12:09 14-Feb-2020,NN,,,,,,,,401650000,-137
196385,196385,MiniPAT,DS,4,0,2,99,59,01:39:12 15-Feb-2020,SR,1,20.4250,38.3506,29.5471,81.6745,68,,401677643,-130
196385,196385,MiniPAT,DS,10,0,2,59,59,01:53:05 15-Feb-2020,NP,2,20.4283,38.3544,11.2486,77.8529,56,,401677645,-129
196385,196385,MiniPAT,DS,12,0,3,64,59,03:17:58 15-Feb-2020,SR,2,20.4423,38.3343,19.4939,33.9441,56,,401677644,-122
196385,196385,MiniPAT,DS,11,0,4,65,59,03:34:19 15-Feb-2020,NP,3,20.4436,38.3254,22.4153,29.6746,66,,401650000,-127
196385,196385,MiniPAT,DS,12,0,2,64,59,04:20:26 15-Feb-2020,NK,3,20.4527,38.3195,17.3957,52.1748,68,,401677644,-121
196385,196385,MiniPAT,DS,4,0,2,119,119,04:58:08 15-Feb-2020,MA,1,20.4550,38.3150,10.6942,82.9768,68,,401677641,-126
196385,196385,MiniPAT,DS,8,0,2,68,59,05:23:28 15-Feb-2020,NN,2,20.4733,38.3093,11.2190,78.5791,68,,401677645,-129
196385,196385,MiniPAT,DS,1,0,1,,,05:24:57 15-Feb-2020,MC,,,,,,,,401650000,-131
196385,196385,MiniPAT,DS,7,0,1,79,59,05:59:41 15-Feb-2020,NK,3,20.4723,38.2970,27.8096,4.3611,68,,401677643,-125
196385,196385,MiniPAT,DS,3,0,2,208,59,06:11:05 15-Feb-2020,MB,A,20.4742,38.2966,14.3826,66.7381,66,,401677644,-132
196385,196385,MiniPAT,DS,12,0,2,59,59,06:37:51 15-Feb-2020,MA,2,20.4800,38.2888,21.2331,34.7896,50,,401677644,-119
196385,196385,MiniPAT,DS,12,0,4,59,59,07:05:37 15-Feb-2020,MC,2,20.4842,38.2929,19.7563,41.6181,66,,401677643,-118
196385,196385,MiniPAT,DS,11,0,3,65,59,07:05:37 15-Feb-2020,NN,2,20.4848,38.2854,22.2674,30.3273,56,,401677642,-121
196385,196385,MiniPAT,DS,8,0,3,85,59,07:52:46 15-Feb-2020,MB,3,20.4921,38.2786,24.7163,18.5877,68,,401677642,-130
196385,196385,MiniPAT,DS,2,0,1,119,119,08:15:35 15-Feb-2020,MA,B,20.4956,38.2870,31.0454,-13.2188,8,,401677643,-129
196385,196385,MiniPAT,DS,5,0,2,74,59,08:43:54 15-Feb-2020,MC,1,20.4989,38.2747,30.0990,-6.3545,68,,401677642,-125
196385,196385,MiniPAT,DS,2,0,2,119,119,13:07:41 15-Feb-2020,NP,B,20.5218,38.2375,30.8791,86.0291,8,,401677643,-134
196385,196385,MiniPAT,DS,5,0,5,59,59,14:03:25 15-Feb-2020,SR,1,20.5360,38.2539,10.7144,83.3859,68,,401677641,-131
196385,196385,MiniPAT,DS,12,0,6,70,59,14:47:35 15-Feb-2020,NP,0,20.5545,38.2793,20.4152,37.6684,58,,401677642,-124
196385,196385,MiniPAT,DS,5,0,0,89,59,15:28:46 15-Feb-2020,NK,2,20.5523,38.2388,26.1097,63.9513,68,,401677641,-123
196385,196385,MiniPAT,DS,10,0,4,72,59,15:43:08 15-Feb-2020,SR,1,20.5525,38.2388,21.1312,35.5479,56,,401677642,-123
196385,196385,MiniPAT,DS,5,0,1,59,59,16:29:15 15-Feb-2020,NP,0,20.5553,38.2444,9.2466,-10.5424,58,,401677644,-132
196385,196385,MiniPAT,DS,3,0,2,89,59,16:37:40 15-Feb-2020,NN,A,20.5355,38.2273,31.1116,86.8852,8,,401677651,-132
196385,196385,MiniPAT,DS,11,0,1,59,59,17:06:55 15-Feb-2020,NK,3,20.5632,38.2391,15.6705,16.0278,68,,401677643,-124
196385,196385,MiniPAT,DS,3,0,2,59,59,17:20:48 15-Feb-2020,SR,A,20.5654,38.2320,30.8755,-12.3060,66,,401677653,-133
196385,196385,MiniPAT,DS,12,0,4,64,59,17:45:35 15-Feb-2020,MA,3,20.5675,38.2329,22.1954,45.8733,68,,401677643,-120
196385,196385,MiniPAT,DS,12,0,5,59,59,18:13:49 15-Feb-2020,MC,3,20.5716,38.2321,23.7243,52.5094,66,,401677643,-117
196385,196385,MiniPAT,DS,10,0,1,72,59,18:17:47 15-Feb-2020,NN,0,20.5642,38.2001,20.6529,38.5977,58,,401650000,-133
196385,196385,MiniPAT,DS,3,0,2,298,121,19:06:56 15-Feb-2020,MB,,,,18.6608,29.1515,8,,401677644,-132
196385,196385,MiniPAT,DS,10,0,1,59,59,19:28:15 15-Feb-2020,MA,2,20.5829,38.2297,11.6072,-2.3993,68,,401677643,-124
196385,196385,MiniPAT,DS,9,0,1,74,59,19:55:32 15-Feb-2020,MC,2,20.5858,38.2293,12.9354,4.5012,58,,401677643,-121
196385,196385,MiniPAT,DS,6,0,2,71,59,19:59:30 15-Feb-2020,NN,2,20.5800,38.2324,9.4845,-9.6450,68,,401677646,-133
196385,196385,MiniPAT,DS,6,0,3,71,59,01:42:01 16-Feb-2020,NP,1,20.6347,38.2252,10.1097,83.7253,68,,401677642,-131
196385,196385,MiniPAT,DS,11,0,5,65,59,02:47:29 16-Feb-2020,SR,3,20.6497,38.2185,22.9254,48.8485,68,,401677644,-120
196385,196385,MiniPAT,DS,8,0,3,93,59,03:20:15 16-Feb-2020,NP,2,20.6574,38.2193,21.2993,35.4636,68,,401677645,-122
196385,196385,MiniPAT,DS,7,0,2,79,59,03:57:01 16-Feb-2020,NK,2,20.6597,38.2224,14.9134,64.4079,68,,401677644,-122
196385,196385,MiniPAT,DS,8,0,6,76,59,04:27:21 16-Feb-2020,SR,2,20.6658,38.2226,12.4652,0.9567,58,,401677644,-131
196385,196385,MiniPAT,DS,2,0,2,119,119,05:01:39 16-Feb-2020,NP,B,20.6737,38.2104,31.6672,-12.6603,8,,401677644,-133
196385,196385,MiniPAT,DS,2,0,1,238,238,05:12:35 16-Feb-2020,NN,B,20.6742,38.2240,10.4756,84.4107,8,,401677644,-132
196385,196385,MiniPAT,DS,9,0,2,74,59,05:34:28 16-Feb-2020,NK,2,20.6786,38.2182,25.4046,16.5771,58,,401677644,-125
196385,196385,MiniPAT,DS,1,0,1,,,05:54:22 16-Feb-2020,MB,,,,,,,,401650000,-133
196385,196385,MiniPAT,DS,11,0,3,66,59,06:14:44 16-Feb-2020,MA,3,20.6868,38.2196,19.2454,44.8156,68,,401677644,-117
196385,196385,MiniPAT,DS,11,0,1,65,59,06:44:37 16-Feb-2020,MC,3,20.6924,38.2275,17.6506,51.8438,68,,401677643,-116
196385,196385,MiniPAT,DS,9,0,2,97,59,06:51:04 16-Feb-2020,NN,1,20.6962,38.2084,21.1553,36.2390,68,,401677643,-121
196385,196385,MiniPAT,DS,2,0,0,59,59,07:34:27 16-Feb-2020,MB,B,20.7083,38.2332,22.7301,28.6404,8,,401677643,-125
196385,196385,MiniPAT,DS,5,0,3,74,59,07:56:18 16-Feb-2020,MA,1,20.7044,38.2201,29.4285,-3.2081,58,,401677643,-125
196385,196385,MiniPAT,DS,8,0,3,68,59,08:24:38 16-Feb-2020,MC,3,20.7111,38.2172,28.0932,3.7654,68,,401677642,-120
196385,196385,MiniPAT,DS,1,0,1,,,08:32:37 16-Feb-2020,NN,,,,,,,,401650000,-137
196385,196385,MiniPAT,DS,14,0,6,59,59,14:36:13 16-Feb-2020,NP,2,20.7724,38.2536,21.9035,43.2261,68,,401677643,-130
196385,196385,MiniPAT,DS,5,0,1,59,59,15:01:31 16-Feb-2020,NK,0,20.7605,38.2490,28.7539,76.0193,66,,401677648,-128
196385,196385,MiniPAT,DS,12,0,2,59,59,15:11:55 16-Feb-2020,SR,3,20.7775,38.2625,18.1271,50.5543,66,,401677642,-121
196385,196385,MiniPAT,DS,8,0,2,59,59,16:17:22 16-Feb-2020,NP,2,20.7717,38.2745,10.7566,-5.0113,68,,401677645,-129
196385,196385,MiniPAT,DS,12,0,1,64,59,16:42:37 16-Feb-2020,NK,3,20.7817,38.2774,18.5143,27.9862,58,,401677642,-121
196385,196385,MiniPAT,DS,7,0,1,79,59,16:50:33 16-Feb-2020,SR,2,20.7808,38.2743,28.2769,2.8272,68,,401677641,-129
196385,196385,MiniPAT,DS,10,0,3,72,59,17:25:46 16-Feb-2020,MA,3,20.7836,38.2818,24.4688,55.5756,58,,401677643,-119
196385,196385,MiniPAT,DS,10,0,2,66,59,17:54:01 16-Feb-2020,MC,3,20.7874,38.2849,25.9459,62.1707,68,,401677642,-119
196385,196385,MiniPAT,DS,10,0,1,79,59,18:06:54 16-Feb-2020,NN,2,20.7856,38.2799,22.0905,44.0810,58,,401677642,-124
196385,196385,MiniPAT,DS,10,0,2,79,59,18:41:36 16-Feb-2020,MB,0,20.7875,38.2862,20.9570,39.0592,66,,401677642,-124
196385,196385,MiniPAT,DS,11,0,2,65,59,19:05:53 16-Feb-2020,MA,3,20.7860,38.2949,14.0678,7.3985,66,,401677643,-121
196385,196385,MiniPAT,DS,12,0,4,70,59,19:33:09 16-Feb-2020,MC,3,20.7871,38.2980,15.4661,14.1158,68,,401677643,-116
196385,196385,MiniPAT,DS,8,0,0,59,59,19:48:30 16-Feb-2020,NN,2,20.7861,38.2965,10.9978,-4.1573,68,,401677643,-129
196385,196385,MiniPAT,DS,1,0,1,,,01:29:08 17-Feb-2020,NP,,,,,,,,401650000,-135
196385,196385,MiniPAT,DS,10,0,5,59,59,02:16:19 17-Feb-2020,SR,3,20.7675,38.3320,26.1249,63.5421,68,,401677643,-125
196385,196385,MiniPAT,DS,10,0,5,72,59,03:08:58 17-Feb-2020,NP,2,20.7584,38.3305,20.1201,41.0740,68,,401677643,-124
196385,196385,MiniPAT,DS,6,0,5,71,59,03:30:20 17-Feb-2020,NK,1,20.7594,38.3369,12.3335,76.4659,58,,401677644,-131
196385,196385,MiniPAT,DS,9,0,2,66,59,03:55:42 17-Feb-2020,SR,3,20.7533,38.3339,15.8516,15.7632,68,,401677643,-122
196385,196385,MiniPAT,DS,4,0,3,79,60,04:48:54 17-Feb-2020,NP,1,20.7528,38.3404,31.0325,-7.0460,68,,401677645,-132
196385,196385,MiniPAT,DS,10,0,3,66,59,05:09:44 17-Feb-2020,NK,2,20.7426,38.3416,22.8909,28.4927,58,,401677643,-122
196385,196385,MiniPAT,DS,8,0,2,93,59,05:56:00 17-Feb-2020,MA,3,20.7358,38.3378,17.1696,54.7495,56,,401677643,-120
196385,196385,MiniPAT,DS,9,0,3,74,59,06:24:20 17-Feb-2020,MC,2,20.7310,38.3395,15.4834,61.3247,58,,401677643,-120
196385,196385,MiniPAT,DS,6,0,1,119,59,06:41:14 17-Feb-2020,NN,1,20.7327,38.3400,19.9438,41.8187,58,,401677645,-122
196385,196385,MiniPAT,DS,7,0,3,79,59,07:12:09 17-Feb-2020,MB,0,20.7326,38.3122,20.6951,38.4839,56,,401650000,-128
196385,196385,MiniPAT,DS,9,0,4,67,59,07:36:30 17-Feb-2020,MA,3,20.7241,38.3440,27.4374,6.6438,68,,401677643,-122
196385,196385,MiniPAT,DS,11,0,2,60,59,08:02:19 17-Feb-2020,MC,2,20.7211,38.3457,26.1171,13.6088,56,,401677642,-118
196385,196385,MiniPAT,DS,2,0,1,59,59,08:20:19 17-Feb-2020,NN,B,20.7074,38.3645,30.3744,-6.4619,8,,401677643,-131
196385,196385,MiniPAT,DS,10,0,2,66,59,14:24:34 17-Feb-2020,NP,3,20.6818,38.3454,23.0598,48.8606,68,,401650000,-131
196385,196385,MiniPAT,DS,8,0,3,68,59,14:40:27 17-Feb-2020,SR,2,20.6761,38.3403,14.8333,65.3603,66,,401677642,-128
196385,196385,MiniPAT,DS,6,0,0,83,59,16:05:24 17-Feb-2020,NP,2,20.6705,38.3449,11.9873,0.6535,68,,401677645,-130
196385,196385,MiniPAT,DS,3,0,2,328,60,16:17:19 17-Feb-2020,NK,A,20.6413,38.3269,20.9704,39.9309,8,,401677646,-128
196385,196385,MiniPAT,DS,2,0,1,416,416,16:19:18 17-Feb-2020,SR,B,20.6681,38.3468,24.9870,17.5649,8,,401677643,-127
196385,196385,MiniPAT,DS,6,0,4,107,59,17:05:55 17-Feb-2020,MA,2,20.6716,38.3465,26.4431,65.4402,68,,401677645,-122
196385,196385,MiniPAT,DS,4,0,2,119,59,17:32:16 17-Feb-2020,MC,2,20.6714,38.3477,27.8768,72.2245,68,,401677644,-124
196385,196385,MiniPAT,DS,10,0,3,65,59,17:54:05 17-Feb-2020,NN,2,20.6675,38.3450,23.2339,49.8040,58,,401650000,-137
196385,196385,MiniPAT,DS,5,0,2,88,59,17:58:03 17-Feb-2020,NK,1,20.6738,38.3469,10.3192,-7.9300,68,,401677643,-130
196385,196385,MiniPAT,DS,6,0,3,71,59,18:18:52 17-Feb-2020,MB,1,20.6664,38.3421,22.9824,49.1037,58,,401677646,-127
196385,196385,MiniPAT,DS,13,0,4,59,59,18:45:41 17-Feb-2020,MA,3,20.6650,38.3453,16.0848,17.3304,56,,401677646,-116
196385,196385,MiniPAT,DS,11,0,5,65,59,19:13:02 17-Feb-2020,MC,3,20.6652,38.3467,17.5034,24.1889,66,,401677645,-116
196385,196385,MiniPAT,DS,10,0,3,59,59,19:35:54 17-Feb-2020,NN,2,20.6667,38.3450,12.2226,1.5295,68,,401677645,-127
196385,196385,MiniPAT,DS,2,0,2,180,180,01:45:45 18-Feb-2020,SR,B,20.6749,38.3481,28.9814,78.5874,8,,401677646,-131
196385,196385,MiniPAT,DS,11,0,5,71,59,02:58:54 18-Feb-2020,NP,3,20.6777,38.3523,18.7532,46.7662,66,,401677646,-125
196385,196385,MiniPAT,DS,12,0,1,59,59,03:24:18 18-Feb-2020,SR,3,20.6789,38.3544,19.0369,30.7422,66,,401677646,-121
196385,196385,MiniPAT,DS,6,0,4,107,59,04:38:56 18-Feb-2020,NP,1,20.6798,38.3551,29.5910,-1.2607,58,,401677646,-130
196385,196385,MiniPAT,DS,11,0,3,65,59,04:44:53 18-Feb-2020,NK,1,20.6790,38.3567,20.2121,40.4919,58,,401677645,-121
196385,196385,MiniPAT,DS,9,0,5,67,59,05:35:35 18-Feb-2020,MA,2,20.6820,38.3604,14.9596,64.6504,58,,401677646,-120
196385,196385,MiniPAT,DS,6,0,3,59,59,06:02:25 18-Feb-2020,MC,2,20.6791,38.3583,13.3195,71.5952,66,,401677644,-120
196385,196385,MiniPAT,DS,3,0,2,59,59,06:20:53 18-Feb-2020,NK,A,20.6895,38.3481,30.3374,-6.8520,56,,401677645,-132
196385,196385,MiniPAT,DS,12,0,4,59,59,06:30:20 18-Feb-2020,NN,3,20.6819,38.3623,18.6345,47.4365,56,,401677645,-124
196385,196385,MiniPAT,DS,7,0,3,99,60,06:50:42 18-Feb-2020,MB,3,20.6825,38.3598,18.4796,48.4007,66,,401677645,-130
196385,196385,MiniPAT,DS,9,0,2,67,59,07:15:05 18-Feb-2020,MA,3,20.6846,38.3587,25.3425,16.5252,68,,401677645,-119
196385,196385,MiniPAT,DS,11,0,4,65,59,07:41:55 18-Feb-2020,MC,3,20.6878,38.3582,23.9187,23.5566,58,,401677632,-122
196385,196385,MiniPAT,DS,5,0,3,89,59,08:09:18 18-Feb-2020,NN,1,20.6964,38.3585,29.3516,-0.7091,58,,401650000,-129
196385,196385,MiniPAT,DS,1,0,1,,,08:32:08 18-Feb-2020,MB,,,,,,,,401650000,-133
196385,196385,MiniPAT,DS,4,0,2,79,59,14:08:30 18-Feb-2020,SR,1,20.6910,38.4029,11.5404,80.2507,66,,401677643,-131
196385,196385,MiniPAT,DS,7,0,3,59,59,14:12:29 18-Feb-2020,NP,2,20.6966,38.4030,24.3076,54.5190,58,,401677646,-125
196385,196385,MiniPAT,DS,10,0,4,66,59,15:49:06 18-Feb-2020,SR,2,20.6894,38.4215,21.9837,32.3638,58,,401677646,-121
196385,196385,MiniPAT,DS,12,0,6,59,59,15:54:34 18-Feb-2020,NP,2,20.6848,38.4175,13.1511,6.3876,58,,401677647,-127
196385,196385,MiniPAT,DS,8,0,4,59,59,15:52:35 18-Feb-2020,NK,3,20.6888,38.4193,23.6460,52.0503,68,,401677646,-124
196385,196385,MiniPAT,DS,6,0,4,71,59,16:43:59 18-Feb-2020,MA,2,20.6768,38.4257,28.4119,75.4026,68,,401677649,-122
196385,196385,MiniPAT,DS,4,0,3,79,59,17:11:50 18-Feb-2020,MC,0,20.6996,38.4423,29.9181,82.1280,68,,401677639,-126
196385,196385,MiniPAT,DS,8,0,2,59,59,17:32:10 18-Feb-2020,NK,3,20.6750,38.4358,13.0678,4.0714,68,,401677646,-125
196385,196385,MiniPAT,DS,9,0,3,59,59,17:42:38 18-Feb-2020,NN,2,20.6763,38.4381,24.4553,55.4204,58,,401677646,-124
196385,196385,MiniPAT,DS,3,0,1,238,59,17:59:31 18-Feb-2020,MB,A,20.6522,38.4369,25.0038,58.8743,8,,401677651,-130
196385,196385,MiniPAT,DS,12,0,2,59,59,18:27:20 18-Feb-2020,MA,3,20.6689,38.4431,18.2201,27.2786,68,,401677646,-114
196385,196385,MiniPAT,DS,11,0,4,71,59,18:55:39 18-Feb-2020,MC,2,20.6663,38.4516,19.6947,34.0800,58,,401677646,-117
196385,196385,MiniPAT,DS,10,0,2,73,59,19:24:27 18-Feb-2020,NN,2,20.6542,38.4470,13.4662,7.1228,58,,401677647,-129
196385,196385,MiniPAT,DS,4,0,2,139,61,19:40:26 18-Feb-2020,MB,1,20.6588,38.4490,14.5536,10.7428,56,,401677645,-133
196385,196385,MiniPAT,DS,1,0,0,,,20:33:38 18-Feb-2020,MC,,,,,,,,401650000,-133
196385,196385,MiniPAT,DS,7,0,1,79,59,02:47:17 19-Feb-2020,NP,3,20.5645,38.4487,17.3871,52.2780,66,,401677648,-122
196385,196385,MiniPAT,DS,8,0,2,85,59,02:53:15 19-Feb-2020,SR,3,20.5615,38.4553,22.1005,45.6186,66,,401677647,-121
196385,196385,MiniPAT,DS,11,0,4,65,59,04:20:09 19-Feb-2020,NK,3,20.5413,38.4396,17.4552,52.4619,68,,401677646,-124
196385,196385,MiniPAT,DS,10,0,7,59,59,04:28:06 19-Feb-2020,NP,3,20.5378,38.4445,28.2076,4.1780,68,,401677648,-126
196385,196385,MiniPAT,DS,6,0,3,71,59,04:33:34 19-Feb-2020,SR,2,20.5382,38.4355,11.6199,-2.2169,68,,401677646,-128
196385,196385,MiniPAT,DS,7,0,5,60,59,05:13:21 19-Feb-2020,MA,2,20.5272,38.4315,12.5869,74.4166,68,,401677647,-127
196385,196385,MiniPAT,DS,2,0,1,300,300,05:45:18 19-Feb-2020,MC,,,,11.3033,81.3789,8,,401677646,-128
196385,196385,MiniPAT,DS,8,0,6,77,59,05:58:47 19-Feb-2020,NK,3,20.5167,38.4312,27.8354,4.6383,66,,401677646,-127
196385,196385,MiniPAT,DS,8,0,4,68,59,06:17:21 19-Feb-2020,NN,2,20.5168,38.4209,17.6470,52.9858,58,,401677646,-125
196385,196385,MiniPAT,DS,2,0,2,60,60,06:26:48 19-Feb-2020,MB,B,20.5130,38.4185,16.0438,58.3981,8,,401677647,-131
196385,196385,MiniPAT,DS,10,0,5,66,59,06:55:16 19-Feb-2020,MA,3,20.5074,38.4199,23.1088,26.2657,66,,401677647,-116
196385,196385,MiniPAT,DS,10,0,2,72,59,07:22:36 19-Feb-2020,MC,2,20.4998,38.4182,21.6135,33.3092,58,,401677645,-119
196385,196385,MiniPAT,DS,6,0,4,83,59,07:58:24 19-Feb-2020,NN,2,20.4960,38.4073,27.9139,4.8070,68,,401677647,-127
196385,196385,MiniPAT,DS,3,0,3,89,60,08:12:20 19-Feb-2020,MB,A,20.5021,38.3958,26.5309,10.0988,8,,401650000,-134
196385,196385,MiniPAT,DS,2,0,2,60,60,09:00:03 19-Feb-2020,MC,B,20.4815,38.4001,31.4930,-14.6101,8,,401677647,-130
196385,196385,MiniPAT,DS,6,0,4,107,59,14:00:39 19-Feb-2020,NP,1,20.4267,38.3514,25.3618,60.3055,50,,401677645,-126
196385,196385,MiniPAT,DS,10,0,6,66,59,15:17:52 19-Feb-2020,SR,2,20.4044,38.3269,18.4829,47.2476,56,,401677646,-122
196385,196385,MiniPAT,DS,7,0,5,69,59,15:26:19 19-Feb-2020,NK,2,20.3921,38.3286,25.9657,64.3569,56,,401677650,-128
196385,196385,MiniPAT,DS,11,0,5,59,59,15:41:47 19-Feb-2020,NP,3,20.3972,38.3241,14.3693,12.1518,66,,401677647,-127
196385,196385,MiniPAT,DS,5,0,4,104,59,16:56:23 19-Feb-2020,SR,2,20.3713,38.3137,28.6073,-0.4504,68,,401677645,-129
196385,196385,MiniPAT,DS,9,0,3,75,59,17:11:56 19-Feb-2020,NK,,,,15.5232,16.3927,58,,401677647,-124
196385,196385,MiniPAT,DS,6,0,3,107,59,17:31:25 19-Feb-2020,NN,2,20.3659,38.2973,25.5165,61.3192,58,,401677648,-126
196385,196385,MiniPAT,DS,9,0,3,67,59,18:04:17 19-Feb-2020,MA,0,20.3626,38.2885,20.1861,37.4670,58,,401677647,-119
196385,196385,MiniPAT,DS,8,0,5,93,59,18:32:12 19-Feb-2020,MC,1,20.3594,38.2750,21.7413,44.4181,58,,401677647,-120
196385,196385,MiniPAT,DS,9,0,2,74,59,19:12:28 19-Feb-2020,NN,2,20.3503,38.2655,14.5535,13.2678,58,,401677647,-124
196385,196385,MiniPAT,DS,1,0,1,,,19:17:26 19-Feb-2020,MB,,,,,,,,401650000,-130
196385,196385,MiniPAT,DS,1,0,1,,,19:44:24 19-Feb-2020,MA,,,,,,,,401650000,-128
196385,196385,MiniPAT,DS,4,0,1,99,59,20:11:49 19-Feb-2020,MC,1,20.3453,38.2414,11.0063,-3.8152,68,,401677646,-122
